player_name,shots_n,goals,xg,psxg,seasons,conv_rate,goals_minus_xg,goals_minus_psxg
,484,58,60.30294,47.34212,4,0.11983471074380166,-2.3029403686523438,10.657878875732422
A. Addison,32,4,4.1396627,4.0862026,3,0.125,-0.1396627426147461,-0.08620262145996094
A. Ale,15,1,2.7515004,2.172656,6,0.06666666666666667,-1.7515003681182861,-1.1726560592651367
A. Anvegård,28,4,3.0722423,4.3652897,1,0.14285714285714285,0.927757740020752,-0.36528968811035156
A. Asante,9,2,0.75640506,1.5709188,3,0.2222222222222222,1.2435949444770813,0.4290812015533447
A. Baker,5,1,0.8353462,0.68115944,3,0.2,0.16465377807617188,0.31884056329727173
A. Beever-Jones,132,26,21.996376,24.20957,4,0.19696969696969696,4.003623962402344,1.7904300689697266
A. Bergström,12,1,2.138729,1.9598076,1,0.08333333333333333,-1.1387290954589844,-0.9598076343536377
A. Blanchard,22,4,4.93781,4.247707,1,0.18181818181818182,-0.937809944152832,-0.24770689010620117
A. Csiki,3,1,0.65952384,0.8582677,2,0.3333333333333333,0.3404761552810669,0.14173227548599243
A. Csillag,8,1,1.1496291,2.3286536,1,0.125,-0.1496291160583496,-1.3286535739898682
A. Dahlkemper,2,0,0.074433655,0.0,1,0.0,-0.07443365454673767,0.0
A. Dennis,1,0,0.4516129,0.0,1,0.0,-0.4516128897666931,0.0
A. Denton,20,3,2.7713006,3.0904715,3,0.15,0.2286994457244873,-0.09047150611877441
A. Eikeland,78,7,9.965582,8.450542,4,0.08974358974358974,-2.9655818939208984,-1.4505424499511719
A. Engman,13,3,2.2973983,2.8962622,2,0.23076923076923078,0.7026016712188721,0.10373783111572266
A. Everett,2,0,0.14886731,0.0,1,0.0,-0.14886730909347534,0.0
A. Filbey,3,2,1.3571063,1.7944067,3,0.6666666666666666,0.6428936719894409,0.20559334754943848
A. Fujino,46,6,6.0206976,6.1515284,2,0.13043478260869565,-0.020697593688964844,-0.15152835845947266
A. Galli,35,5,4.0810575,4.244406,5,0.14285714285714285,0.9189424514770508,0.7555937767028809
A. Gaylor,10,1,0.58179307,1.3544638,1,0.1,0.41820693016052246,-0.3544638156890869
A. Goddard,6,0,0.7785382,0.0,1,0.0,-0.7785382270812988,0.0
A. Grant,22,2,2.92549,2.4624119,2,0.09090909090909091,-0.9254899024963379,-0.46241188049316406
A. Green,4,0,0.14886731,0.118421055,2,0.0,-0.14886730909347534,-0.1184210553765297
A. Greenwood,119,11,14.47758,13.87976,10,0.09243697478991597,-3.4775800704956055,-2.8797597885131836
A. Harrison,40,4,3.6820548,3.1161518,4,0.1,0.3179452419281006,0.8838481903076172
A. Hazard,1,0,0.0,0.0,1,0.0,0.0,0.0
A. Heatherson,42,6,5.1104774,6.878382,3,0.14285714285714285,0.8895225524902344,-0.8783822059631348
A. Hegerberg,27,0,1.3846694,0.24074075,3,0.0,-1.3846694231033325,-0.24074074625968933
A. Hodson,32,2,4.256662,1.2407408,6,0.0625,-2.256661891937256,0.7592592239379883
A. Holmes,6,0,0.74433434,0.0,1,0.0,-0.74433434009552,0.0
A. Ilestedt,7,1,1.2677629,1.343254,1,0.14285714285714285,-0.2677628993988037,-0.3432539701461792
A. James-Turner,148,7,13.464124,8.521319,10,0.0472972972972973,-6.464123725891113,-1.5213193893432617
A. Johnson,10,0,0.4863763,0.6111111,3,0.0,-0.4863762855529785,-0.6111111044883728
A. Joice,18,1,1.9385538,0.81508803,2,0.05555555555555555,-0.9385538101196289,0.18491196632385254
A. Jordan,2,0,0.0,0.0,1,0.0,0.0,0.0
A. Jøsendal,1,0,0.10963455,0.0,1,0.0,-0.10963454842567444,0.0
A. Kennedy,62,3,6.8917947,6.1980925,6,0.04838709677419355,-3.8917946815490723,-3.198092460632324
A. Kuyken,2,0,0.44444445,0.0,2,0.0,-0.4444444477558136,0.0
A. Lahmari,1,0,0.0,0.0,1,0.0,0.0,0.0
A. Larkin,7,1,0.5744337,0.8582677,1,0.14285714285714285,0.42556631565093994,0.14173227548599243
A. Lawrence,11,2,1.3520966,1.9052602,2,0.18181818181818182,0.6479034423828125,0.09473979473114014
A. Lehmann,139,20,19.737299,18.630756,7,0.14388489208633093,0.26270103454589844,1.3692436218261719
A. Leon,123,18,14.401206,21.281816,7,0.14634146341463414,3.5987939834594727,-3.2818164825439453
A. Luik,2,0,0.074433655,0.0,1,0.0,-0.07443365454673767,0.0
A. Mannion,23,7,6.698487,6.546621,7,0.30434782608695654,0.3015131950378418,0.45337915420532227
A. Masaka,1,0,0.0,0.0,1,0.0,0.0,0.0
A. McManus,29,5,4.3815556,3.9983964,8,0.1724137931034483,0.6184444427490234,1.001603603363037
A. Morgan,5,2,1.5979095,1.5121951,1,0.4,0.40209054946899414,0.4878048896789551
A. Neville,100,11,14.002356,14.957959,7,0.11,-3.0023555755615234,-3.9579591751098633
A. Nildén,29,5,5.2890844,4.8813214,5,0.1724137931034483,-0.28908443450927734,0.11867856979370117
A. Nouwen,12,2,2.815845,1.8378596,3,0.16666666666666666,-0.8158450126647949,0.1621403694152832
A. Oshoala,39,6,6.334324,4.9036083,2,0.15384615384615385,-0.3343238830566406,1.0963916778564453
A. Palmer,15,1,0.67449385,0.6756757,4,0.06666666666666667,0.32550615072250366,0.3243243098258972
A. Patten,60,5,5.897053,5.5462065,6,0.08333333333333333,-0.8970527648925781,-0.5462064743041992
A. Plumptre,32,4,4.3857656,4.3530736,2,0.125,-0.38576555252075195,-0.3530735969543457
A. Riley,3,0,0.4516129,0.0,1,0.0,-0.4516128897666931,0.0
A. Rodgers,26,3,2.9158988,3.765693,4,0.11538461538461539,0.08410120010375977,-0.765692949295044
A. Russo,384,59,54.791367,55.94482,6,0.15364583333333334,4.2086334228515625,3.0551795959472656
A. Sandberg,8,1,0.82700384,1.5117648,2,0.125,0.1729961633682251,-0.5117647647857666
A. Scott,10,1,0.64633405,0.8148148,3,0.1,0.35366594791412354,0.18518519401550293
A. Stringer,36,3,4.474518,3.2609751,8,0.08333333333333333,-1.474517822265625,-0.2609751224517822
A. Swaby,2,1,0.969697,0.9726027,1,0.5,0.030303001403808594,0.0273972749710083
A. Thestrup,43,9,5.284824,7.5456486,2,0.20930232558139536,3.7151761054992676,1.4543514251708984
A. Thompson,38,7,5.765429,6.962248,1,0.18421052631578946,1.2345709800720215,0.03775215148925781
A. Tysiak,23,5,4.0709896,5.2821927,3,0.21739130434782608,0.9290103912353516,-0.2821927070617676
A. Weerden,21,3,2.2017682,2.3542418,1,0.14285714285714285,0.798231840133667,0.6457581520080566
A. Whelan,167,19,21.397865,20.987206,8,0.11377245508982035,-2.3978652954101562,-1.9872055053710938
A. Yamashita,1,0,0.0,0.0,1,0.0,0.0,0.0
Alejandra Bernabé,8,0,0.42800507,0.0,2,0.0,-0.42800506949424744,0.0
B. Aspin,11,2,2.139056,1.92834,2,0.18181818181818182,-0.13905596733093262,0.07166004180908203
B. Chaplen,203,26,23.160994,27.06135,8,0.12807881773399016,2.8390064239501953,-1.061349868774414
B. England,446,87,78.53548,88.098076,11,0.19506726457399104,8.464523315429688,-1.0980758666992188
B. Galloway,10,3,1.621027,2.3765025,1,0.3,1.3789730072021484,0.623497486114502
B. Hendrix,9,0,0.90099806,1.2222222,3,0.0,-0.900998055934906,-1.2222222089767456
B. Horwood,6,0,0.074433655,0.23333333,1,0.0,-0.07443365454673767,-0.23333333432674408
B. Jane,12,0,2.185209,2.1827512,4,0.0,-2.185209035873413,-2.182751178741455
B. Leon,10,2,1.0858357,1.3899615,1,0.2,0.9141643047332764,0.6100385189056396
B. Mead,355,55,41.416615,48.64887,12,0.15492957746478872,13.583385467529297,6.351131439208984
B. Olsson,18,6,4.6985326,5.307706,1,0.3333333333333333,1.3014674186706543,0.6922941207885742
B. Rayner,2,0,0.31182796,0.0,2,0.0,-0.31182795763015747,0.0
B. Roberts,2,0,0.075581394,0.0,1,0.0,-0.075581394135952,0.0
B. Roe,2,0,0.0,0.0,2,0.0,0.0,0.0
B. Visalli,34,1,1.7030199,1.5555891,3,0.029411764705882353,-0.7030198574066162,-0.5555890798568726
Bruna Vilamala,10,1,1.3816384,1.4914966,1,0.1,-0.38163840770721436,-0.49149656295776367
C. Arthur,83,4,5.0687714,4.043687,6,0.04819277108433735,-1.0687713623046875,-0.043686866760253906
C. Berryhill,4,1,0.75609756,0.75609756,1,0.25,0.24390244483947754,0.24390244483947754
C. Bizet,74,8,8.101106,7.365055,4,0.10810810810810811,-0.1011056900024414,0.6349449157714844
C. Bott,20,0,1.080456,0.38826293,3,0.0,-1.080456018447876,-0.38826292753219604
C. Boureille,2,0,0.125,0.0,1,0.0,-0.125,0.0
C. Boye-Hlorkah,72,5,5.571207,4.6551795,6,0.06944444444444445,-0.5712070465087891,0.344820499420166
C. Buxton,4,0,0.513458,0.0,2,0.0,-0.5134580135345459,0.0
C. Devlin,3,0,0.125,0.0,1,0.0,-0.125,0.0
C. Dunn,30,3,6.4400935,4.9336033,2,0.1,-3.440093517303467,-1.933603286743164
C. Emslie,129,14,13.6757145,13.812206,5,0.10852713178294573,0.32428550720214844,0.18779373168945312
C. Estcourt,14,0,2.1697328,1.8330256,3,0.0,-2.1697328090667725,-1.833025574684143
C. Ferguson,1,0,0.0,0.0,1,0.0,0.0,0.0
C. Foord,227,32,26.313572,32.624493,6,0.14096916299559473,5.686428070068359,-0.6244926452636719
C. Grant,35,5,5.1643195,5.3083525,3,0.14285714285714285,-0.16431951522827148,-0.3083524703979492
C. Haines,17,1,1.567863,1.9158423,4,0.058823529411764705,-0.5678629875183105,-0.9158422946929932
C. Harrison-Murray,66,4,5.1118426,3.1962373,6,0.06060606060606061,-1.1118426322937012,0.803762674331665
C. Hayes,11,2,1.8982306,1.8522323,2,0.18181818181818182,0.10176944732666016,0.14776766300201416
C. Holland,114,9,11.414875,10.489695,4,0.07894736842105263,-2.414875030517578,-1.489694595336914
C. Humphrey,75,2,4.444406,4.1942244,8,0.02666666666666667,-2.444406032562256,-2.1942243576049805
C. Hunt,24,3,3.759928,3.2546344,2,0.125,-0.7599279880523682,-0.25463438034057617
C. Jones,42,5,7.7577715,5.9529853,3,0.11904761904761904,-2.7577714920043945,-0.9529852867126465
C. Kapocs,33,5,5.3198705,4.466981,2,0.15151515151515152,-0.3198704719543457,0.5330190658569336
C. Kelly,364,44,42.733185,40.398888,12,0.12087912087912088,1.266815185546875,3.6011123657226562
C. Lacasse,15,3,1.5323346,1.9033816,1,0.2,1.467665433883667,1.096618413925171
C. Laris­ey,4,0,0.6714995,0.0,1,0.0,-0.671499490737915,0.0
C. Lloyd,13,0,0.7184885,0.10963455,2,0.0,-0.7184885144233704,-0.10963454842567444
C. Macário,68,8,8.742559,8.246988,3,0.11764705882352941,-0.7425594329833984,-0.24698829650878906
C. McCarron,3,0,0.14886731,0.118421055,1,0.0,-0.14886730909347534,-0.1184210553765297
C. Mustaki,1,0,0.0,0.0,1,0.0,0.0,0.0
C. Nevin,10,1,1.2304944,1.484127,3,0.1,-0.23049437999725342,-0.4841270446777344
C. Peplow,25,0,1.9375274,0.5119048,6,0.0,-1.9375274181365967,-0.511904776096344
C. Press,44,4,4.378788,3.6351225,1,0.09090909090909091,-0.3787879943847656,0.36487746238708496
C. Rafferty,21,6,5.025161,5.4831643,3,0.2857142857142857,0.9748392105102539,0.5168356895446777
C. Redisch Kvamme,5,0,0.34224808,0.0,1,0.0,-0.3422480821609497,0.0
C. Rule,8,1,0.6505206,1.529016,3,0.125,0.3494793772697449,-0.5290160179138184
C. Schröder,2,1,0.4672908,0.8582677,2,0.5,0.5327092111110687,0.14173227548599243
C. Scofield,9,1,0.43215182,1.0006039,3,0.1111111111111111,0.5678481757640839,-0.0006039142608642578
C. Siems,10,1,1.928184,1.9492962,1,0.1,-0.9281840324401855,-0.949296236038208
C. Stoney,7,0,1.2071054,0.4234234,4,0.0,-1.2071053981781006,-0.4234234094619751
C. Swaby,4,0,0.075581394,0.0,1,0.0,-0.075581394135952,0.0
C. Sweetman-Kirk,81,15,14.856737,14.414858,3,0.18518518518518517,0.1432628631591797,0.5851421356201172
C. Sáez,6,2,1.524298,2.0916011,1,0.3333333333333333,0.47570204734802246,-0.09160113334655762
C. Tandberg,43,6,6.5276365,7.3292375,1,0.13953488372093023,-0.5276365280151367,-1.329237461090088
C. Ubogagu,48,6,5.378566,5.041511,3,0.125,0.621434211730957,0.958488941192627
C. Walker,124,11,11.193503,11.025189,6,0.08870967741935484,-0.19350337982177734,-0.02518939971923828
C. Weir,298,38,29.42964,36.918545,8,0.12751677852348994,8.57036018371582,1.0814552307128906
C. Wellings,187,17,18.425264,17.089191,7,0.09090909090909091,-1.4252643585205078,-0.08919143676757812
C. Wheeler,16,0,0.7845643,0.118421055,4,0.0,-0.7845643162727356,-0.1184210553765297
Carla Camacho,13,1,2.2549832,1.2922705,1,0.07692307692307693,-1.2549831867218018,-0.2922705411911011
Cho So-Hyun,16,0,1.5401086,2.5389318,5,0.0,-1.540108561515808,-2.5389318466186523
D. Bowman,50,2,3.018082,1.5238936,5,0.04,-1.0180819034576416,0.4761064052581787
D. Bruinenberg,47,2,3.4455767,3.0858815,3,0.0425531914893617,-1.4455766677856445,-1.0858814716339111
D. Brynjarsdóttir,77,10,10.418135,11.9164505,4,0.12987012987012986,-0.4181346893310547,-1.9164505004882812
D. Caldwell,7,0,0.28231138,0.0,2,0.0,-0.2823113799095154,0.0
D. Carter,229,24,22.321392,20.902527,8,0.10480349344978165,1.6786079406738281,3.09747314453125
D. Cascarino,8,0,0.31718728,0.7660407,1,0.0,-0.31718727946281433,-0.7660406827926636
D. Castellanos,47,1,4.0932593,2.3119378,2,0.02127659574468085,-3.093259334564209,-1.3119378089904785
D. Cooper,19,1,1.4229084,0.7241379,5,0.05263157894736842,-0.4229084253311157,0.27586209774017334
D. Corboz,13,3,1.9030523,2.4308212,2,0.23076923076923078,1.0969476699829102,0.5691788196563721
D. Draper,2,1,1.1096345,1.0,1,0.5,-0.10963451862335205,0.0
D. Egurrola,11,0,0.7602135,0.0,1,0.0,-0.7602134943008423,0.0
D. Janssen,104,13,12.069656,11.4621525,7,0.125,0.9303436279296875,1.5378475189208984
D. Kerkdijk,13,3,2.0452852,2.9563165,3,0.23076923076923078,0.9547147750854492,0.043683528900146484
D. O'Sullivan,16,0,1.0123633,0.68115944,2,0.0,-1.012363314628601,-0.6811594367027283
D. Rose,45,4,3.8472466,4.9670897,4,0.08888888888888889,0.15275335311889648,-0.9670896530151367
D. Scott,7,0,0.15773809,0.023809524,1,0.0,-0.1577380895614624,-0.02380952425301075
D. Spence,246,24,30.774101,26.262922,12,0.0975609756097561,-6.774101257324219,-2.2629222869873047
D. Stefanović,2,0,0.075581394,0.0,1,0.0,-0.075581394135952,0.0
D. Stokes,35,4,3.1408072,3.2727146,8,0.11428571428571428,0.8591928482055664,0.7272853851318359
D. Susi,9,0,0.8458659,0.0,1,0.0,-0.8458659052848816,0.0
D. Turner,68,10,5.769233,9.5589905,8,0.14705882352941177,4.230766773223877,0.441009521484375
D. van Domselaar,1,1,0.969697,1.0,1,1.0,0.030303001403808594,0.0
D. van de Donk,143,28,24.238415,27.193604,7,0.1958041958041958,3.761585235595703,0.806396484375
Diana Silva,7,1,1.0568905,1.3256973,1,0.14285714285714285,-0.05689048767089844,-0.32569730281829834
E. Aluko,119,21,18.367212,17.163069,4,0.17647058823529413,2.6327877044677734,3.8369312286376953
E. Bissell,19,2,2.173309,2.0271003,3,0.10526315789473684,-0.1733090877532959,-0.027100324630737305
E. Bloomfield,3,0,0.24275362,0.0,1,0.0,-0.24275362491607666,0.0
E. Brazil,62,4,7.432932,5.22405,7,0.06451612903225806,-3.432931900024414,-1.2240500450134277
E. Brownlie,1,0,0.0,0.0,1,0.0,0.0,0.0
E. Carpenter,14,2,1.9420503,1.9420091,1,0.14285714285714285,0.05794966220855713,0.0579909086227417
E. Curson,5,0,0.15116279,0.0,2,0.0,-0.151162788271904,0.0
E. Cuthbert,369,38,31.671194,36.66987,10,0.10298102981029811,6.328805923461914,1.3301315307617188
E. Dale,2,0,0.2857143,0.0,1,0.0,-0.2857142984867096,0.0
E. Donovan,5,1,0.43807003,0.9726027,1,0.2,0.5619299709796906,0.0273972749710083
E. Follis,46,5,4.520313,3.8316886,4,0.10869565217391304,0.4796872138977051,1.168311357498169
E. Fox,30,1,1.4261663,1.233533,3,0.03333333333333333,-0.426166296005249,-0.23353302478790283
E. Franklin-Fraiture,3,0,0.125,0.0,1,0.0,-0.125,0.0
E. Gielnik,29,3,2.2550085,3.926489,2,0.10344827586206896,0.7449915409088135,-0.9264891147613525
E. Harries,43,8,6.7063017,7.8304644,5,0.18604651162790697,1.2936983108520508,0.16953563690185547
E. Hughes,8,0,1.163742,0.0,2,0.0,-1.163741946220398,0.0
E. Jansson,2,0,0.0,0.0,1,0.0,0.0,0.0
E. Jones,1,0,0.0,0.0,1,0.0,0.0,0.0
E. Kelly,8,0,0.66672444,0.0,3,0.0,-0.666724443435669,0.0
E. Koivisto,60,8,9.374459,6.807497,4,0.13333333333333333,-1.3744592666625977,1.1925029754638672
E. Kullberg,9,0,1.3456185,0.80487806,3,0.0,-1.345618486404419,-0.8048780560493469
E. Linari,5,1,1.0740943,0.75609756,1,0.2,-0.07409429550170898,0.24390244483947754
E. Lundh,4,1,0.57575756,0.80487806,1,0.25,0.42424243688583374,0.19512194395065308
E. Mason,19,4,3.9162579,4.081889,1,0.21052631578947367,0.08374214172363281,-0.08188915252685547
E. Mastrantonio,7,1,0.48712623,0.15492958,1,0.14285714285714285,0.5128737688064575,0.8450704216957092
E. Mayi Kith,1,0,0.075581394,0.0,1,0.0,-0.075581394135952,0.0
E. Morgan,25,2,2.3032532,1.6383023,7,0.08,-0.303253173828125,0.3616976737976074
E. Morris,18,1,2.6485612,1.2500395,2,0.05555555555555555,-1.6485612392425537,-0.2500394582748413
E. Mukandi,49,8,6.5884576,7.712501,7,0.16326530612244897,1.4115424156188965,0.28749895095825195
E. Murphy,8,2,0.87307537,1.5344102,2,0.25,1.1269246339797974,0.4655897617340088
E. N'Dow,1,0,0.125,0.6111111,1,0.0,-0.125,-0.6111111044883728
E. Nyström,9,1,1.5251938,1.2990363,2,0.1111111111111111,-0.5251938104629517,-0.29903626441955566
E. Pelgander,3,0,0.15001506,0.0,2,0.0,-0.15001505613327026,0.0
E. Powell,6,2,1.6201513,2.157304,1,0.3333333333333333,0.3798487186431885,-0.157304048538208
E. Pusey,18,0,1.7325699,0.63032585,1,0.0,-1.732569932937622,-0.6303258538246155
E. Ramsey,1,1,1.0,0.9726027,1,1.0,0.0,0.0273972749710083
E. Rutherford,27,2,2.5401907,2.5747354,1,0.07407407407407407,-0.5401906967163086,-0.5747354030609131
E. Ryan-Doyle,4,0,0.36775362,0.0,1,0.0,-0.36775362491607666,0.0
E. Salmon,165,20,15.929633,19.670729,5,0.12121212121212122,4.070366859436035,0.3292713165283203
E. Simon,3,0,0.0,0.0,2,0.0,0.0,0.0
E. Simpkins,39,1,2.3513963,1.486089,6,0.02564102564102564,-1.3513963222503662,-0.48608899116516113
E. Snerle,23,3,1.3713467,1.9667828,3,0.13043478260869565,1.6286532878875732,1.033217191696167
E. Stenevik,9,1,1.4555336,0.55982196,4,0.1111111111111111,-0.45553362369537354,0.4401780366897583
E. Stewart,10,0,0.71712613,0.8756752,1,0.0,-0.7171261310577393,-0.8756752014160156
E. Summanen,60,8,5.971856,7.8661385,5,0.13333333333333333,2.028143882751465,0.13386154174804688
E. Syme,19,1,0.9611028,1.9276292,3,0.05263157894736842,0.03889721632003784,-0.9276292324066162
E. Terland,234,36,32.896664,36.380386,4,0.15384615384615385,3.1033363342285156,-0.3803863525390625
E. Toone,311,34,33.345337,37.25163,9,0.10932475884244373,0.6546630859375,-3.251628875732422
E. Wangerheim,4,0,0.6510465,0.118421055,1,0.0,-0.6510465145111084,-0.1184210553765297
E. Watson,1,0,0.0,0.0,1,0.0,0.0,0.0
E. Westwood,17,2,1.8117152,1.6062312,4,0.11764705882352941,0.1882847547531128,0.3937687873840332
E. Whelan,4,0,0.20836222,0.0,1,0.0,-0.20836222171783447,0.0
E. White,275,49,48.621334,51.45355,8,0.1781818181818182,0.3786659240722656,-2.4535484313964844
E. Wilson,1,0,0.0,0.0,1,0.0,0.0,0.0
E. de Graaf,11,1,1.0137622,0.9726027,2,0.09090909090909091,-0.013762235641479492,0.0273972749710083
E. van Egmond,46,6,3.904585,5.589145,2,0.13043478260869565,2.0954151153564453,0.4108548164367676
F. Allen,4,0,0.1840682,0.24074075,4,0.0,-0.1840682029724121,-0.24074074625968933
F. Angeldahl,52,2,4.131543,2.829669,3,0.038461538461538464,-2.1315431594848633,-0.8296689987182617
F. Ayisi,54,4,7.2323775,5.91761,4,0.07407407407407407,-3.232377529144287,-1.9176101684570312
F. Brown,6,0,0.14886731,0.118421055,4,0.0,-0.14886730909347534,-0.1184210553765297
F. Bryson,32,2,2.5067656,2.5687923,5,0.0625,-0.506765604019165,-0.5687923431396484
F. Gibbons,20,0,1.2241657,0.15492958,5,0.0,-1.224165678024292,-0.15492957830429077
F. Godfrey,27,6,4.4366317,6.4867525,2,0.2222222222222222,1.563368320465088,-0.4867525100708008
F. Gregory,25,2,2.558693,3.1908045,5,0.08,-0.5586929321289062,-1.1908044815063477
F. Kirby,321,72,52.651836,66.10446,12,0.22429906542056074,19.348163604736328,5.895538330078125
F. Maanum,218,29,26.428665,31.843102,5,0.13302752293577982,2.5713348388671875,-2.8431015014648438
F. Morgan,24,2,1.4719646,1.0694224,2,0.08333333333333333,0.5280354022979736,0.9305776357650757
F. Nagano,27,1,1.3284615,1.1316184,4,0.037037037037037035,-0.32846152782440186,-0.13161838054656982
F. Rolfö,18,3,4.0086,4.9745445,1,0.16666666666666666,-1.0086002349853516,-1.9745445251464844
F. Tsunoda,2,2,1.5457176,1.9285715,1,1.0,0.45428240299224854,0.07142853736877441
F. Whelan,15,2,1.3858008,1.4693788,3,0.13333333333333333,0.614199161529541,0.5306211709976196
F. Williams,271,30,28.433392,31.166784,7,0.11070110701107011,1.5666084289550781,-1.1667842864990234
G. Bergsvand,14,2,2.2996743,1.6607513,3,0.14285714285714285,-0.29967427253723145,0.3392486572265625
G. Bonner,124,12,16.77221,14.245739,11,0.0967741935483871,-4.772209167480469,-2.245738983154297
G. Brougham,9,0,1.1787131,0.31944445,4,0.0,-1.178713083267212,-0.3194444477558136
G. Clinton,100,13,10.287111,13.661995,5,0.13,2.712888717651367,-0.6619949340820312
G. Davison,113,14,13.5076,13.091675,8,0.12389380530973451,0.4924001693725586,0.9083251953125
G. Eaton-Collins,1,0,0.0,0.0,1,0.0,0.0,0.0
G. Evans,53,2,3.8207395,3.3169594,9,0.03773584905660377,-1.820739507675171,-1.3169593811035156
G. Fisk,60,7,9.061226,7.7656555,6,0.11666666666666667,-2.0612258911132812,-0.765655517578125
G. Flaherty,65,7,8.31324,8.253624,9,0.1076923076923077,-1.3132400512695312,-1.2536239624023438
G. George,71,3,5.816899,4.0499425,7,0.04225352112676056,-2.816898822784424,-1.0499424934387207
G. Geyoro,13,1,1.0443698,0.9726027,1,0.07692307692307693,-0.04436981678009033,0.0273972749710083
G. Lawley,9,1,0.93310636,1.0238096,1,0.1111111111111111,0.06689363718032837,-0.02380955219268799
G. McCatty,2,0,0.24356312,0.0,1,0.0,-0.24356311559677124,0.0
G. Mullett,13,1,1.6382695,1.9960318,3,0.07692307692307693,-0.6382695436477661,-0.9960317611694336
G. Prior,7,1,1.2165974,1.2910053,2,0.14285714285714285,-0.21659743785858154,-0.2910052537918091
G. Reiten,190,37,27.540888,30.957487,7,0.19473684210526315,9.459112167358398,6.042512893676758
G. Stanway,305,40,38.933186,38.383102,8,0.13114754098360656,1.0668144226074219,1.6168975830078125
G. Wilson,2,0,0.0,0.0,1,0.0,0.0,0.0
Gabi Nunes,18,2,3.1548662,3.9148731,1,0.1111111111111111,-1.1548662185668945,-1.9148731231689453
Geyse,52,3,4.388071,4.4061894,2,0.057692307692307696,-1.388071060180664,-1.4061894416809082
Gio Garbelini,9,1,1.2964988,0.9119048,1,0.1111111111111111,-0.29649877548217773,0.08809518814086914
H. Bennison,45,5,4.5474887,4.4111776,3,0.1111111111111111,0.4525113105773926,0.5888223648071289
H. Bleazard,2,0,0.074433655,0.0,1,0.0,-0.07443365454673767,0.0
H. Blundell,87,5,7.934814,5.117648,11,0.05747126436781609,-2.934813976287842,-0.11764812469482422
H. Cain,126,7,11.598914,9.259423,6,0.05555555555555555,-4.59891414642334,-2.25942325592041
H. Cissoko,8,2,1.421381,1.484127,3,0.25,0.5786190032958984,0.5158729553222656
H. Eiríksdóttir,11,0,1.600153,0.0,2,0.0,-1.6001529693603516,0.0
H. Godfrey,6,0,0.89510715,0.6111111,1,0.0,-0.8951071500778198,-0.6111111044883728
H. Hampton,2,2,2.0,1.9521946,2,1.0,0.0,0.04780542850494385
H. Hayashi,50,11,8.726681,8.649224,4,0.22,2.2733192443847656,2.350775718688965
H. Houssein,1,0,0.0,0.0,1,0.0,0.0,0.0
H. Kitagawa,10,2,1.7161324,1.9028909,1,0.2,0.28386759757995605,0.09710907936096191
H. Ladd,100,12,9.667566,10.652235,9,0.12,2.3324337005615234,1.3477649688720703
H. Lundkvist,3,1,0.77581155,1.433805,1,0.3333333333333333,0.2241884469985962,-0.433804988861084
H. Miyazawa,55,3,3.8684258,4.656919,3,0.05454545454545454,-0.8684258460998535,-1.656919002532959
H. Nolan,1,0,0.0,0.0,1,0.0,0.0,0.0
H. O'Reilly,30,3,3.1297204,3.399496,2,0.1,-0.12972044944763184,-0.39949607849121094
H. Payne,12,0,0.91760176,0.0,3,0.0,-0.9176017642021179,0.0
H. Raso,82,10,9.827192,10.637771,4,0.12195121951219512,0.1728076934814453,-0.6377706527709961
H. Scott,29,0,2.2426553,0.96286553,6,0.0,-2.2426552772521973,-0.9628655314445496
H. Sharp,10,2,2.1813445,1.6552675,3,0.2,-0.18134450912475586,0.34473252296447754
H. Short,11,1,1.2114387,0.8709016,2,0.09090909090909091,-0.21143865585327148,0.12909841537475586
H. Silcock,1,0,0.0,0.0,1,0.0,0.0,0.0
H. Wijk,3,0,0.0,0.0,1,0.0,0.0,0.0
I. Atkinson,11,1,1.4401847,2.2153583,3,0.09090909090909091,-0.44018471240997314,-1.2153582572937012
I. Belloumou,1,0,0.0,0.0,1,0.0,0.0,0.0
I. Beney,10,2,1.3207928,1.6533816,1,0.2,0.6792072057723999,0.3466184139251709
I. Christiansen,132,24,22.394506,22.109934,7,0.18181818181818182,1.6054935455322266,1.890066146850586
I. Goodwin,47,5,8.357062,5.983633,1,0.10638297872340426,-3.357062339782715,-0.9836330413818359
I. Hobson,4,1,0.39657718,0.31944445,2,0.25,0.6034228205680847,0.6805555522441864
I. Kaagman,125,17,14.9589405,17.463804,4,0.136,2.0410594940185547,-0.4638042449951172
I. Kardinaal,1,0,0.074433655,0.23333333,1,0.0,-0.07443365454673767,-0.23333333432674408
I. Linden,10,1,1.5780005,0.47619048,1,0.1,-0.578000545501709,0.5238095223903656
I. Riley,10,2,1.401031,2.215103,1,0.2,0.5989689826965332,-0.2151029109954834
I. Ryland,3,0,0.26079732,0.0,1,0.0,-0.26079732179641724,0.0
I. Umotong,52,3,5.8234,4.264858,2,0.057692307692307696,-2.8234000205993652,-1.2648577690124512
I. Wold,5,0,0.36856312,0.82176393,1,0.0,-0.36856311559677124,-0.8217639327049255
Inma Gabarro,17,2,1.4266847,1.9129782,2,0.11764705882352941,0.5733152627944946,0.0870218276977539
Irene Guerrero,1,0,0.0,0.0,1,0.0,0.0,0.0
Ivana Fuso,4,0,0.31021595,0.118421055,2,0.0,-0.31021595001220703,-0.1184210553765297
J. Anderson,1,0,0.0,0.0,1,0.0,0.0,0.0
J. Andersson,48,4,5.7070627,5.150096,5,0.08333333333333333,-1.7070627212524414,-1.1500959396362305
J. Arnth,2,1,0.38082892,1.2222222,1,0.5,0.6191710829734802,-0.2222222089767456
J. Baijings,9,0,0.5062117,1.2005999,2,0.0,-0.5062116980552673,-1.2005999088287354
J. Bailey,23,0,1.6007665,1.0940065,4,0.0,-1.6007665395736694,-1.0940065383911133
J. Beattie,105,9,11.545984,10.067516,10,0.08571428571428572,-2.5459842681884766,-1.0675163269042969
J. Biesmans,20,1,1.3340098,0.9881757,2,0.05,-0.3340097665786743,0.011824309825897217
J. Blakstad,28,4,4.6813807,6.333047,4,0.14285714285714285,-0.6813807487487793,-2.3330469131469727
J. Brett,22,2,3.5519736,1.7165354,3,0.09090909090909091,-1.551973581314087,0.28346455097198486
J. Carabalí,19,2,2.4104047,2.0776048,2,0.10526315789473684,-0.41040468215942383,-0.07760477066040039
J. Carter,42,5,4.807689,5.5293407,10,0.11904761904761904,0.19231081008911133,-0.5293407440185547
J. Cayman,49,8,6.050514,6.8989253,3,0.16326530612244897,1.9494857788085938,1.1010746955871582
J. Clark,27,2,3.5147605,2.1777122,3,0.07407407407407407,-1.5147604942321777,-0.17771220207214355
J. Clarke,152,20,19.643728,16.689625,6,0.13157894736842105,0.35627174377441406,3.310375213623047
J. Finn,1,0,0.075581394,0.0,1,0.0,-0.075581394135952,0.0
J. Fishlock,38,2,3.580663,3.467628,1,0.05263157894736842,-1.5806629657745361,-1.467628002166748
J. Fleming,50,10,7.6437364,9.2517185,4,0.2,2.3562636375427246,0.7482814788818359
J. Fox,4,1,0.44444445,0.68115944,1,0.25,0.5555555522441864,0.31884056329727173
J. Galabadaarachchi,8,0,0.2761506,0.0,1,0.0,-0.2761506140232086,0.0
J. Green,39,2,4.011117,3.2899022,6,0.05128205128205128,-2.0111169815063477,-1.2899022102355957
J. Groenen,39,0,3.4697323,0.8692153,3,0.0,-3.4697322845458984,-0.8692153096199036
J. Henning,2,0,0.10963455,0.0,1,0.0,-0.10963454842567444,0.0
J. Hutton,6,0,0.18521595,0.118421055,1,0.0,-0.18521595001220703,-0.1184210553765297
J. Jones,16,0,0.88033813,0.0,2,0.0,-0.8803381323814392,0.0
J. Kemppi,7,1,0.5012555,0.38826293,1,0.14285714285714285,0.49874448776245117,0.611737072467804
J. Matthews,30,3,5.109721,3.4807167,9,0.1,-2.1097211837768555,-0.4807167053222656
J. Moore,103,8,8.833459,8.981843,8,0.07766990291262135,-0.8334589004516602,-0.9818429946899414
J. Napier,22,1,2.0489545,0.97959185,2,0.045454545454545456,-1.0489544868469238,0.020408153533935547
J. Naz,90,9,9.617923,9.846012,6,0.1,-0.6179227828979492,-0.8460121154785156
J. Nighswonger,6,0,0.24770986,0.0,2,0.0,-0.24770985543727875,0.0
J. Nobbs,325,42,35.04496,37.772156,11,0.12923076923076923,6.955039978027344,4.22784423828125
J. Park,151,18,14.4662485,18.377388,7,0.11920529801324503,3.5337514877319336,-0.37738800048828125
J. Pennock,17,2,1.86931,2.651241,1,0.11764705882352941,0.13068997859954834,-0.6512410640716553
J. Potter,73,2,4.595662,1.6742477,6,0.0273972602739726,-2.5956621170043945,0.32575225830078125
J. Purfield,36,4,3.8909097,3.8942266,4,0.1111111111111111,0.10909032821655273,0.1057734489440918
J. Rantala,72,7,7.440031,7.297478,3,0.09722222222222222,-0.4400310516357422,-0.29747819900512695
J. Riviere,12,1,0.64177704,0.24074075,3,0.08333333333333333,0.35822296142578125,0.7592592537403107
J. Roddar,3,0,0.24275362,0.80487806,1,0.0,-0.24275362491607666,-0.8048780560493469
J. Roord,140,20,17.120274,20.293196,4,0.14285714285714285,2.8797264099121094,-0.2931957244873047
J. Rose,14,1,2.1339622,1.28979,4,0.07142857142857142,-1.1339621543884277,-0.2897900342941284
J. Ross,123,23,18.006771,21.881653,6,0.18699186991869918,4.993228912353516,1.11834716796875
J. Rybrink,6,2,2.0567505,1.9795918,2,0.3333333333333333,-0.05675053596496582,0.020408153533935547
J. Rytting Kaneryd,106,11,12.417441,10.637477,4,0.10377358490566038,-1.4174413681030273,0.36252307891845703
J. Scott,169,16,22.690361,17.502827,8,0.09467455621301775,-6.690361022949219,-1.5028266906738281
J. Sigsworth,48,8,8.226326,6.7925034,4,0.16666666666666666,-0.22632598876953125,1.2074966430664062
J. Sonis,76,6,7.9856763,6.486017,4,0.07894736842105263,-1.9856762886047363,-0.48601722717285156
J. Spetsmark,1,0,0.13392857,0.0,1,0.0,-0.1339285671710968,0.0
J. Taylor,29,7,7.272745,6.979168,4,0.2413793103448276,-0.27274513244628906,0.020832061767578125
J. Thibaud,24,1,2.6841817,2.9103017,3,0.041666666666666664,-1.6841816902160645,-1.910301685333252
J. Vanhaevermaet,56,8,9.827899,9.166051,4,0.14285714285714285,-1.8278989791870117,-1.166050910949707
J. Wik,1,0,0.0,0.0,1,0.0,0.0,0.0
J. Zigiotti Olme,66,6,7.299086,6.6367044,4,0.09090909090909091,-1.299086093902588,-0.6367044448852539
J. Ziu,13,0,1.0111507,0.6756757,2,0.0,-1.0111507177352905,-0.6756756901741028
J. Čanković,42,9,6.5404315,8.896939,4,0.21428571428571427,2.459568500518799,0.10306072235107422
J. Šimić,14,2,1.2015672,1.8709182,2,0.14285714285714285,0.7984328269958496,0.1290818452835083
Jade Boho,1,0,0.0,0.0,1,0.0,0.0,0.0
Jana Fernández,22,1,1.7085209,1.4872714,1,0.045454545454545456,-0.7085208892822266,-0.48727142810821533
Jeon Ga-Eul,2,0,0.13392857,0.0,1,0.0,-0.1339285671710968,0.0
Ji So-Yun,246,34,28.591646,33.230812,8,0.13821138211382114,5.408353805541992,0.7691879272460938
Júlia Bartel,1,0,0.0,0.0,1,0.0,0.0,0.0
K. Aldridge,3,0,0.0,0.0,1,0.0,0.0,0.0
K. Asllani,41,4,6.663346,4.6234055,3,0.0975609756097561,-2.6633458137512207,-0.6234054565429688
K. Barton,104,9,12.987894,10.194846,6,0.08653846153846154,-3.987894058227539,-1.1948461532592773
K. Baunach,9,3,1.6776799,2.7540905,1,0.3333333333333333,1.3223201036453247,0.2459094524383545
K. Benameur,1,1,0.969697,0.9927799,1,1.0,0.030303001403808594,0.007220089435577393
K. Buchanan,8,2,1.9693816,2.2402434,4,0.25,0.03061842918395996,-0.24024343490600586
K. Carney,105,14,13.696523,13.885407,5,0.13333333333333333,0.30347728729248047,0.1145925521850586
K. Casparij,35,6,6.2471223,6.357764,4,0.17142857142857143,-0.24712228775024414,-0.35776376724243164
K. Chapman,69,7,6.1501718,4.684075,4,0.10144927536231885,0.8498282432556152,2.315925121307373
K. Cooney-Cross,22,0,1.0288217,0.82963717,3,0.0,-1.0288217067718506,-0.8296371698379517
K. Dali,146,12,11.752288,13.793567,6,0.0821917808219178,0.2477121353149414,-1.7935667037963867
K. Gago,30,8,5.7963047,7.562188,2,0.26666666666666666,2.203695297241211,0.43781185150146484
K. Gorry,56,3,4.6143503,2.9023497,3,0.05357142857142857,-1.6143503189086914,0.09765028953552246
K. Graham,113,8,10.114258,9.971002,5,0.07079646017699115,-2.1142578125,-1.9710016250610352
K. Hanson,200,31,28.264751,31.891083,7,0.155,2.735248565673828,-0.891082763671875
K. Harrop,66,9,7.326321,8.51404,9,0.13636363636363635,1.6736788749694824,0.4859600067138672
K. Hines,20,0,0.9567282,0.13392857,2,0.0,-0.9567282199859619,-0.1339285671710968
K. Holmgaard,20,5,2.8293378,5.2298045,4,0.25,2.1706621646881104,-0.22980451583862305
K. Johnston,14,0,0.8555752,0.31944445,2,0.0,-0.8555752038955688,-0.3194444477558136
K. Keating,1,1,0.969697,1.0,1,1.0,0.030303001403808594,0.0
K. Kühl,14,0,1.4354231,0.0,2,0.0,-1.4354231357574463,0.0
K. Lampson,77,13,13.840158,13.456888,2,0.16883116883116883,-0.8401584625244141,-0.45688819885253906
K. Leine,10,1,2.2302794,1.7701725,2,0.1,-1.2302794456481934,-0.7701724767684937
K. Levell,2,2,1.939394,1.9591837,2,1.0,0.06060600280761719,0.040816307067871094
K. Linnett,86,6,6.9744644,5.766728,6,0.06976744186046512,-0.9744644165039062,0.23327207565307617
K. Lipka,5,0,0.0,0.0,2,0.0,0.0,0.0
K. Little,142,33,25.543125,27.476685,9,0.2323943661971831,7.456874847412109,5.5233154296875
K. Longhurst,68,4,6.1508484,6.4861927,9,0.058823529411764705,-2.150848388671875,-2.4861927032470703
K. MacLean,7,0,0.8802573,0.67119884,1,0.0,-0.8802573084831238,-0.671198844909668
K. McCabe,218,24,18.175114,24.271738,11,0.11009174311926606,5.824886322021484,-0.27173805236816406
K. McCarthy,1,0,0.0,0.0,1,0.0,0.0,0.0
K. McDougall,1,0,0.0,0.0,1,0.0,0.0,0.0
K. Mewis,3,0,0.075581394,0.0,1,0.0,-0.075581394135952,0.0
K. Natkiel,17,0,0.35722953,0.0,2,0.0,-0.3572295308113098,0.0
K. Olesen,2,0,0.0,0.0,1,0.0,0.0,0.0
K. Pearce,8,1,1.2479755,1.2133435,1,0.125,-0.24797546863555908,-0.21334350109100342
K. Ramshaw,25,3,2.7302787,3.4670148,2,0.12,0.26972126960754395,-0.46701478958129883
K. Reid,1,0,0.074433655,0.0,1,0.0,-0.07443365454673767,0.0
K. Robinson,54,7,5.475324,6.0586667,7,0.12962962962962962,1.5246758460998535,0.9413332939147949
K. Rood,1,1,0.26666668,0.8582677,1,1.0,0.7333333194255829,0.14173227548599243
K. Seike,80,14,10.9424515,12.22606,2,0.175,3.0575485229492188,1.773940086364746
K. Shaw,412,83,71.54378,83.40561,5,0.20145631067961164,11.456222534179688,-0.405609130859375
K. Simon,19,3,2.3423145,3.0913465,1,0.15789473684210525,0.6576855182647705,-0.09134650230407715
K. Sjoman,4,1,1.1822059,0.97959185,2,0.25,-0.1822059154510498,0.020408153533935547
K. Skeels,4,0,0.4911003,0.8244048,1,0.0,-0.4911003112792969,-0.824404776096344
K. Smith,27,2,3.4862092,1.8018594,8,0.07407407407407407,-1.4862091541290283,0.19814062118530273
K. Snoeijs,102,16,14.432736,16.431362,4,0.1568627450980392,1.5672636032104492,-0.4313621520996094
K. Svitková,39,5,4.074263,4.2715445,2,0.1282051282051282,0.9257369041442871,0.7284555435180664
K. Veje,23,0,0.9121292,0.83060527,4,0.0,-0.9121292233467102,-0.8306052684783936
K. Walsh,88,8,6.615055,7.344842,10,0.09090909090909091,1.3849449157714844,0.6551580429077148
K. Weir,1,0,0.0,0.0,1,0.0,0.0,0.0
K. Zelem,182,25,22.631252,24.900057,9,0.13736263736263737,2.3687477111816406,0.09994316101074219
K. van Es,1,0,0.074433655,0.0,1,0.0,-0.07443365454673767,0.0
K. Ómarsdottir,27,1,1.7775387,0.68115944,2,0.037037037037037035,-0.7775386571884155,0.31884056329727173
Kerolin,61,12,8.836377,11.652008,2,0.19672131147540983,3.1636228561401367,0.347991943359375
L. Agg,1,1,0.1380753,0.6111111,1,1.0,0.8619246929883957,0.3888888955116272
L. Arnot,1,0,0.7011494,0.8582677,1,0.0,-0.7011494040489197,-0.8582677245140076
L. Bance,4,0,0.4234234,0.0,2,0.0,-0.4234234094619751,0.0
L. Bassett,5,0,0.46202272,0.0,2,0.0,-0.46202272176742554,0.0
L. Blindkilde Brown,35,2,4.902083,3.9827437,5,0.05714285714285714,-2.902082920074463,-1.982743740081787
L. Bronze,97,9,9.437642,10.194742,7,0.09278350515463918,-0.43764209747314453,-1.194742202758789
L. Bruton,95,11,12.593371,13.347577,5,0.11578947368421053,-1.5933713912963867,-2.3475770950317383
L. Burridge,3,0,0.24356312,0.0,1,0.0,-0.24356311559677124,0.0
L. Bühler,5,0,0.0,0.0,2,0.0,0.0,0.0
L. Coombs,198,21,17.659533,17.29151,12,0.10606060606060606,3.3404674530029297,3.7084903717041016
L. Crichton,15,0,0.47917563,0.0,2,0.0,-0.4791756272315979,0.0
L. Dykes,7,1,1.197602,0.9765001,3,0.14285714285714285,-0.1976020336151123,0.023499906063079834
L. Evans,67,12,8.559415,11.060625,7,0.1791044776119403,3.440585136413574,0.9393749237060547
L. Galton,168,35,32.103977,36.771217,7,0.20833333333333334,2.8960227966308594,-1.7712173461914062
L. Gunning-Williams,7,0,0.25892857,0.0,2,0.0,-0.2589285671710968,0.0
L. Hemp,389,52,52.307373,54.717102,10,0.13367609254498714,-0.307373046875,-2.71710205078125
L. Hope,147,19,19.790646,16.761255,7,0.1292517006802721,-0.7906455993652344,2.2387447357177734
L. Hurtig,15,2,1.3804219,3.0660486,3,0.13333333333333333,0.6195781230926514,-1.0660486221313477
L. James,230,35,27.570948,36.804195,8,0.15217391304347827,7.429052352905273,-1.8041954040527344
L. Joel,3,0,0.074433655,0.0,2,0.0,-0.07443365454673767,0.0
L. Karlseng Utland,5,1,1.1335843,1.3568351,1,0.2,-0.13358426094055176,-0.35683512687683105
L. Kendall,12,0,0.83687997,0.31944445,1,0.0,-0.8368799686431885,-0.3194444477558136
L. Kiernan,61,10,10.37192,11.018436,7,0.16393442622950818,-0.3719196319580078,-1.0184364318847656
L. Kop,1,1,0.969697,0.97959185,1,1.0,0.030303001403808594,0.020408153533935547
L. Le Garrec,33,1,1.6527544,1.5013925,1,0.030303030303030304,-0.6527544260025024,-0.5013924837112427
L. León,6,1,1.5476084,1.2680023,2,0.16666666666666666,-0.5476083755493164,-0.2680022716522217
L. Lindström,6,0,0.8392247,0.0,1,0.0,-0.8392246961593628,0.0
L. Little,6,0,0.8784347,0.23333333,1,0.0,-0.8784347176551819,-0.23333333432674408
L. Maier,18,2,2.3019347,1.9562806,4,0.1111111111111111,-0.30193471908569336,0.04371941089630127
L. Murphy,14,0,1.7201984,1.6546935,2,0.0,-1.720198392868042,-1.6546934843063354
L. Naalsund,24,5,2.8109307,4.343743,3,0.20833333333333334,2.1890692710876465,0.656257152557373
L. Parker,22,4,3.636807,3.3713803,5,0.18181818181818182,0.3631930351257324,0.6286196708679199
L. Parry,4,0,0.0,0.0,3,0.0,0.0,0.0
L. Paul,2,0,0.074433655,0.0,1,0.0,-0.07443365454673767,0.0
L. Petermann,32,5,4.4230285,3.9939137,1,0.15625,0.5769715309143066,1.0060863494873047
L. Piggott,2,1,0.92066157,1.6552675,1,0.5,0.0793384313583374,-0.6552674770355225
L. Potter,15,1,1.5641958,1.4094263,2,0.06666666666666667,-0.5641957521438599,-0.40942633152008057
L. Quinn,136,17,17.36157,17.95875,6,0.125,-0.3615703582763672,-0.9587497711181641
L. Rafferty,6,1,0.7012483,1.4693788,3,0.16666666666666666,0.29875171184539795,-0.46937882900238037
L. Reichardt,6,0,0.3613763,0.0,1,0.0,-0.3613762855529785,0.0
L. Ribadeira,1,0,0.0,0.0,1,0.0,0.0,0.0
L. Robe,8,0,0.24711049,0.0,3,0.0,-0.2471104860305786,0.0
L. Robertson,6,0,0.28809035,0.0,1,0.0,-0.2880903482437134,0.0
L. Roche,2,1,0.10963455,0.6111111,1,0.5,0.8903654515743256,0.3888888955116272
L. Sanderson,11,0,0.554079,0.0,1,0.0,-0.554078996181488,0.0
L. Schüller,6,1,0.90893066,0.8582677,1,0.16666666666666666,0.09106934070587158,0.14173227548599243
L. Smith,14,2,2.4087658,1.8945029,1,0.14285714285714285,-0.4087657928466797,0.10549712181091309
L. Smørsgård,1,0,0.0,0.0,1,0.0,0.0,0.0
L. Staniforth,194,10,13.812636,12.22891,12,0.05154639175257732,-3.812636375427246,-2.228910446166992
L. Vetterlein,9,1,0.75980306,0.7295322,2,0.1111111111111111,0.24019694328308105,0.2704678177833557
L. Wade,8,1,0.41964287,0.47619048,1,0.125,0.5803571343421936,0.5238095223903656
L. Wandeler,5,0,0.10963455,0.0,1,0.0,-0.10963454842567444,0.0
L. Whipp,12,1,1.0195833,1.0881654,3,0.08333333333333333,-0.01958334445953369,-0.08816540241241455
L. Wienroither,19,1,1.9270794,2.0370069,4,0.05263157894736842,-0.927079439163208,-1.0370068550109863
L. Williamson,117,10,12.349087,11.956839,12,0.08547008547008547,-2.3490867614746094,-1.956838607788086
L. Wilms,13,2,1.3265043,1.6612105,1,0.15384615384615385,0.6734956502914429,0.3387894630432129
L. Woodham,19,1,1.6729643,2.1174603,6,0.05263157894736842,-0.672964334487915,-1.1174602508544922
L. Wubben-Moy,78,8,9.830373,8.5245075,7,0.10256410256410256,-1.8303728103637695,-0.5245075225830078
L. Wälti,42,1,2.243288,1.3876357,7,0.023809523809523808,-1.2432880401611328,-0.3876357078552246
Laia Aleixandri,30,3,4.015387,3.9099019,3,0.1,-1.0153870582580566,-0.9099018573760986
Laia Codina,10,0,0.90974015,0.7526455,3,0.0,-0.909740149974823,-0.7526454925537109
Lee Geum-Min,63,11,10.269179,8.285101,5,0.1746031746031746,0.7308206558227539,2.7148990631103516
Leila Ouahabi,36,1,3.3931391,1.779238,4,0.027777777777777776,-2.393139123916626,-0.7792379856109619
Li Mengwen,6,0,0.39285713,0.0,2,0.0,-0.3928571343421936,0.0
Lucía Corrales,10,1,1.2564235,0.8582677,1,0.1,-0.2564234733581543,0.14173227548599243
Lucía García,68,11,8.6368065,11.621248,2,0.16176470588235295,2.3631935119628906,-0.6212482452392578
M. Agyemang,29,4,4.8247085,4.7012105,2,0.13793103448275862,-0.8247084617614746,-0.7012104988098145
M. Alexander,5,1,0.8852176,0.8582677,2,0.2,0.11478239297866821,0.14173227548599243
M. Barker,3,0,0.074433655,0.118421055,1,0.0,-0.07443365454673767,-0.1184210553765297
M. Barron-Clark,2,1,1.0275587,0.97959185,1,0.5,-0.02755868434906006,0.020408153533935547
M. Bartrip,22,2,1.6747429,1.4980129,7,0.09090909090909091,0.3252570629119873,0.501987099647522
M. Bergman-Lundin,2,0,0.0,0.0,1,0.0,0.0,0.0
M. Bright,174,9,16.187103,12.337535,12,0.05172413793103448,-7.187103271484375,-3.3375349044799805
M. Campbell,9,1,0.77490413,0.9766888,5,0.1111111111111111,0.22509586811065674,0.023311197757720947
M. Cato,17,2,1.6570296,1.5082676,1,0.11764705882352941,0.3429703712463379,0.4917323589324951
M. Clémaron,22,0,0.92523164,0.8335358,3,0.0,-0.9252316355705261,-0.8335357904434204
M. Connolly,51,6,5.665794,6.0451417,6,0.11764705882352941,0.33420610427856445,-0.04514169692993164
M. Enderby,39,3,4.2516522,3.5447073,3,0.07692307692307693,-1.2516522407531738,-0.5447072982788086
M. Eriksson,117,10,16.501087,12.697246,6,0.08547008547008547,-6.501087188720703,-2.6972455978393555
M. Ewers,25,0,1.6630117,1.2410206,5,0.0,-1.6630116701126099,-1.2410205602645874
M. Farrow,24,4,3.9210436,3.745571,4,0.16666666666666666,0.07895636558532715,0.2544291019439697
M. Filis,9,0,0.2869426,0.0,3,0.0,-0.28694260120391846,0.0
M. Finnigan,63,9,8.48869,9.625742,8,0.14285714285714285,0.5113096237182617,-0.6257419586181641
M. Fishel,21,2,2.115021,1.7815669,2,0.09523809523809523,-0.1150209903717041,0.21843314170837402
M. Fletcher,11,3,2.3332043,2.0034013,1,0.2727272727272727,0.6667957305908203,0.9965987205505371
M. Fowler,60,11,10.412114,10.304338,4,0.18333333333333332,0.587885856628418,0.6956615447998047
M. Gejl,16,3,2.0245934,2.1917303,1,0.1875,0.9754066467285156,0.808269739151001
M. Goodwin,46,4,4.3484945,4.238703,5,0.08695652173913043,-0.3484945297241211,-0.23870277404785156
M. Green,18,3,1.9530126,2.719719,2,0.16666666666666666,1.0469874143600464,0.28028106689453125
M. Gut,6,0,0.074433655,0.0,1,0.0,-0.07443365454673767,0.0
M. Haley,61,6,10.242723,7.655182,3,0.09836065573770492,-4.24272346496582,-1.655181884765625
M. Hamano,52,6,9.615142,9.632327,3,0.11538461538461539,-3.6151418685913086,-3.632327079772949
M. Harris,22,0,0.91732377,0.31944445,6,0.0,-0.9173237681388855,-0.3194444477558136
M. Hijikata,9,0,1.0991669,0.118421055,1,0.0,-1.0991668701171875,-0.1184210553765297
M. Hill,4,0,0.19943365,0.0,1,0.0,-0.19943365454673767,0.0
M. Hourihan,1,1,0.969697,1.0,1,1.0,0.030303001403808594,0.0
M. Höbinger,62,8,5.135842,6.6120586,3,0.12903225806451613,2.8641581535339355,1.3879413604736328
M. Iwabuchi,22,3,2.6071792,2.8073418,3,0.13636363636363635,0.3928208351135254,0.1926581859588623
M. Kearns,81,6,9.852271,7.1493483,5,0.07407407407407407,-3.85227108001709,-1.149348258972168
M. Lambert,10,0,1.1822487,0.0,1,0.0,-1.1822487115859985,0.0
M. Lawley,118,5,8.815994,3.3199558,10,0.0423728813559322,-3.8159942626953125,1.680044174194336
M. Le Tissier,57,10,7.9124613,8.438014,7,0.17543859649122806,2.087538719177246,1.561985969543457
M. Leth Jans,1,0,0.0,0.0,1,0.0,0.0,0.0
M. Leupolz,49,6,5.7572494,8.112257,4,0.12244897959183673,0.2427506446838379,-2.1122570037841797
M. Lundorf,7,0,0.56307006,0.0,1,0.0,-0.5630700588226318,0.0
M. Malard,107,15,17.219995,16.83255,3,0.14018691588785046,-2.2199954986572266,-1.832550048828125
M. Marcetto,5,1,0.7755831,1.2851027,1,0.2,0.22441691160202026,-0.2851027250289917
M. Minami,2,1,0.969697,0.97959185,1,0.5,0.030303001403808594,0.020408153533935547
M. Mjelde,73,15,12.635866,13.216893,8,0.2054794520547945,2.364133834838867,1.783106803894043
M. Mpome,7,1,0.5719986,1.3267195,2,0.14285714285714285,0.42800140380859375,-0.3267195224761963
M. Munsterman,2,0,0.074433655,0.0,1,0.0,-0.07443365454673767,0.0
M. Olislagers,18,5,2.5357478,3.0594063,2,0.2777777777777778,2.464252233505249,1.9405937194824219
M. Pacheco,63,4,7.891067,5.835859,9,0.06349206349206349,-3.8910670280456543,-1.8358588218688965
M. Paví,14,2,1.4778762,1.8130331,1,0.14285714285714285,0.5221238136291504,0.1869668960571289
M. Piemonte,33,3,3.0613692,2.3542418,1,0.09090909090909091,-0.06136918067932129,0.6457581520080566
M. Pike,46,2,5.305746,2.2500393,4,0.043478260869565216,-3.305746078491211,-0.25003933906555176
M. Ramírez,48,7,5.901191,5.3139253,2,0.14583333333333334,1.098808765411377,1.6860747337341309
M. Robinson,2,1,0.24275362,0.80487806,1,0.5,0.7572463750839233,0.19512194395065308
M. Sargeant,29,5,5.006254,4.814997,7,0.1724137931034483,-0.0062541961669921875,0.18500280380249023
M. Sharpe,10,0,0.99464494,0.0,1,0.0,-0.9946449398994446,0.0
M. Smith,3,0,0.2857143,0.0,2,0.0,-0.2857142984867096,0.0
M. Symonds,55,1,3.2557788,2.2994401,5,0.01818181818181818,-2.2557787895202637,-1.2994401454925537
M. Taylor,25,3,2.0710125,2.8254044,4,0.12,0.9289875030517578,0.17459559440612793
M. Thomas,213,23,25.938776,24.49535,7,0.107981220657277,-2.9387760162353516,-1.4953498840332031
M. Turner,98,11,13.86575,13.408081,9,0.11224489795918367,-2.865750312805176,-2.4080810546875
M. Vanegas,6,1,0.6359324,0.8582677,1,0.16666666666666666,0.36406761407852173,0.14173227548599243
M. Vinberg,41,2,3.8033814,1.5986965,3,0.04878048780487805,-1.8033814430236816,0.4013035297393799
M. Walsh,2,2,1.939394,1.9285715,2,1.0,0.06060600280761719,0.07142853736877441
M. Ward,3,0,0.5614987,0.5119048,1,0.0,-0.5614987015724182,-0.511904776096344
M. Wynne,1,0,0.0,0.0,1,0.0,0.0,0.0
M. Zinsberger,1,0,0.13392857,0.0,1,0.0,-0.1339285671710968,0.0
M. van den Berg,8,1,1.2359209,0.9726027,3,0.125,-0.23592090606689453,0.0273972749710083
M. Þórisdóttir,26,2,3.1712701,3.4560492,7,0.07692307692307693,-1.1712701320648193,-1.4560492038726807
Maite Oroz,11,0,0.41672444,0.6319444,1,0.0,-0.41672444343566895,-0.6319444179534912
Mariona Caldentey,56,13,8.417729,11.147551,2,0.23214285714285715,4.582270622253418,1.8524494171142578
Marta Corredera,10,0,0.9788145,0.0,2,0.0,-0.9788144826889038,0.0
Martina Fernández,11,3,2.1364343,2.9277475,2,0.2727272727272727,0.8635656833648682,0.07225251197814941
María Pérez,5,0,0.31799677,0.9862788,1,0.0,-0.3179967701435089,-0.986278772354126
N. Björn,26,4,4.237798,4.2418847,5,0.15384615384615385,-0.23779821395874023,-0.24188470840454102
N. Charles,121,15,17.984512,13.985404,11,0.12396694214876033,-2.9845123291015625,1.0145959854125977
N. Cousins,21,1,1.8573047,1.5323696,3,0.047619047619047616,-0.8573046922683716,-0.5323696136474609
N. Dowie,73,14,13.7556305,11.931774,4,0.1917808219178082,0.2443695068359375,2.068225860595703
N. Fahey,32,3,4.9143324,3.7166982,7,0.09375,-1.914332389831543,-0.716698169708252
N. Flint,59,4,4.3565063,3.7858489,4,0.06779661016949153,-0.35650634765625,0.21415114402770996
N. Girma,8,1,0.9235773,0.7243681,2,0.125,0.07642269134521484,0.2756319046020508
N. Haigh,2,2,1.1892092,1.717068,1,1.0,0.8107907772064209,0.2829320430755615
N. Hanssen,12,1,1.2313019,0.4,1,0.08333333333333333,-0.2313019037246704,0.5999999940395355
N. Harding,116,16,13.557879,14.779643,9,0.13793103448275862,2.4421205520629883,1.2203569412231445
N. Heroum,7,0,0.8896829,0.23333333,1,0.0,-0.8896828889846802,-0.23333333432674408
N. Jones,4,0,0.38082892,0.0,2,0.0,-0.3808289170265198,0.0
N. Karczewska,10,2,2.3931615,2.450298,1,0.2,-0.3931615352630615,-0.4502980709075928
N. Las,9,0,0.075581394,0.0,2,0.0,-0.075581394135952,0.0
N. Lawrence,13,1,1.6656451,0.97959185,3,0.07692307692307693,-0.6656451225280762,0.020408153533935547
N. Layzell,11,0,1.147443,0.24074075,2,0.0,-1.1474430561065674,-0.24074074625968933
N. Maritz,24,0,1.7777467,1.9966722,6,0.0,-1.7777466773986816,-1.9966721534729004
N. Mouchon,22,2,2.0068557,2.3111591,2,0.09090909090909091,-0.00685572624206543,-0.3111591339111328
N. Nadim,32,4,3.8963833,4.2895145,2,0.125,0.10361671447753906,-0.28951454162597656
N. Noordam,15,0,1.520952,0.0,2,0.0,-1.5209519863128662,0.0
N. Parris,417,61,59.952854,61.965282,10,0.14628297362110312,1.0471458435058594,-0.9652824401855469
N. Rolser,1,0,0.10963455,0.0,1,0.0,-0.10963454842567444,0.0
N. Sørensen,47,4,3.655027,4.332083,3,0.0851063829787234,0.344973087310791,-0.33208322525024414
N. Watts,8,2,1.2958721,1.7165354,1,0.25,0.7041279077529907,0.28346455097198486
Natalia Pablos,57,11,8.202002,7.9845457,2,0.19298245614035087,2.7979984283447266,3.0154542922973633
Nor Mustafa,2,0,0.2195122,0.0,1,0.0,-0.2195121943950653,0.0
O. Ahtinen,16,3,1.5338253,2.0458481,3,0.1875,1.4661747217178345,0.9541518688201904
O. Babajide,54,5,5.724261,5.6308413,4,0.09259259259259259,-0.7242608070373535,-0.6308412551879883
O. Chance,18,0,0.8951719,1.1572464,2,0.0,-0.8951718807220459,-1.1572463512420654
O. Deslandes,7,0,0.51852524,0.5119048,1,0.0,-0.518525242805481,-0.511904776096344
O. Fergusson,32,1,2.774785,1.5119047,3,0.03125,-1.774785041809082,-0.5119047164916992
O. Holdt,58,9,4.9018855,7.8420343,2,0.15517241379310345,4.098114490509033,1.1579656600952148
O. Jean-François,14,1,1.5484911,2.0131974,2,0.07142857142857142,-0.5484911203384399,-1.013197422027588
O. McLoughlin,15,0,0.74533373,0.0,3,0.0,-0.745333731174469,0.0
O. Siren,24,1,0.91195714,1.2827189,2,0.041666666666666664,0.08804285526275635,-0.2827188968658447
O. Smith,85,12,9.509535,10.03412,2,0.1411764705882353,2.4904651641845703,1.9658803939819336
O. Tvedten,6,0,0.14886731,0.0,1,0.0,-0.14886730909347534,0.0
Ona Batlle,41,2,2.098836,1.997703,3,0.04878048780487805,-0.09883594512939453,0.002297043800354004
Ornella Vignola,35,4,2.2310832,3.7418175,1,0.11428571428571428,1.7689168453216553,0.2581825256347656
P. Ademiluyi,3,0,0.075581394,0.0,2,0.0,-0.075581394135952,0.0
P. Bailey-Gayle,2,0,0.2857143,0.0,2,0.0,-0.2857142984867096,0.0
P. Bremer,84,14,13.917596,11.870905,5,0.16666666666666666,0.08240413665771484,2.1290950775146484
P. Harder,143,24,19.87461,21.725327,3,0.16783216783216784,4.125389099121094,2.2746734619140625
P. Pattinson,51,0,1.8499718,0.3591618,8,0.0,-1.8499717712402344,-0.3591617941856384
P. Sawyer,1,0,0.0,0.0,1,0.0,0.0,0.0
P. Williams,25,0,1.226681,0.83489573,3,0.0,-1.2266809940338135,-0.8348957300186157
P. Wilson,3,0,0.24275362,0.0,2,0.0,-0.24275362491607666,0.0
Paula Tomás,12,0,1.0385418,0.6756757,2,0.0,-1.0385417938232422,-0.6756756901741028
R. Allen,116,18,21.71555,19.774963,8,0.15517241379310345,-3.7155494689941406,-1.77496337890625
R. Ayane,111,4,8.795108,4.7435813,8,0.036036036036036036,-4.795107841491699,-0.7435812950134277
R. Bachmann,100,7,10.241546,6.8629556,4,0.07,-3.2415456771850586,0.13704442977905273
R. Bose,1,0,0.4234234,0.0,1,0.0,-0.4234234094619751,0.0
R. Corsie,25,3,5.0059304,5.3016386,4,0.12,-2.0059304237365723,-2.301638603210449
R. Daly,226,44,37.038837,42.694756,5,0.19469026548672566,6.961162567138672,1.3052444458007812
R. Dean,32,4,5.5353694,3.786452,2,0.125,-1.5353693962097168,0.213547945022583
R. Easton,1,1,0.7011494,0.68115944,1,1.0,0.2988505959510803,0.31884056329727173
R. Furness,134,12,10.871148,12.612215,7,0.08955223880597014,1.1288518905639648,-0.6122150421142578
R. Grant,2,0,0.4234234,0.0,1,0.0,-0.4234234094619751,0.0
R. Holloway,15,0,0.8122809,0.15492958,3,0.0,-0.8122808933258057,-0.15492957830429077
R. Hönnudóttir,2,0,0.0,0.0,2,0.0,0.0,0.0
R. Imuran,1,0,0.0,0.0,1,0.0,0.0,0.0
R. Ishikawa,1,0,0.10963455,0.118421055,1,0.0,-0.10963454842567444,-0.1184210553765297
R. Jarrett,15,2,1.7212592,1.3799499,1,0.13333333333333333,0.2787407636642456,0.6200500726699829
R. Kafaji,34,3,5.152436,3.4285715,2,0.08823529411764706,-2.152435779571533,-0.4285714626312256
R. Kmita,6,1,0.6954273,1.2867868,1,0.16666666666666666,0.3045727014541626,-0.2867867946624756
R. Knaak,27,6,2.7168574,4.6133604,2,0.2222222222222222,3.283142566680908,1.3866395950317383
R. Lavelle,19,1,1.5951198,1.5609756,1,0.05263157894736842,-0.595119833946228,-0.5609755516052246
R. Laws,1,1,0.969697,0.9726027,1,1.0,0.030303001403808594,0.0273972749710083
R. Littlejohn,14,0,0.930668,0.23333333,2,0.0,-0.9306679964065552,-0.23333333432674408
R. Mace,47,3,4.580875,3.8807416,6,0.06382978723404255,-1.5808749198913574,-0.8807415962219238
R. Madsen,3,0,0.7011494,0.0,1,0.0,-0.7011494040489197,0.0
R. Maltby,4,0,0.0,0.0,1,0.0,0.0,0.0
R. McLauchlan,18,1,2.3242714,1.1549296,3,0.05555555555555555,-1.3242714405059814,-0.15492963790893555
R. Percival,51,3,4.785514,4.64271,5,0.058823529411764705,-1.7855138778686523,-1.6427102088928223
R. Petzelberger,36,6,4.91393,5.237055,4,0.16666666666666666,1.0860700607299805,0.7629451751708984
R. Pitman,5,1,0.60162795,0.71428573,1,0.2,0.3983720541000366,0.2857142686843872
R. Roberts,31,2,1.9291371,1.5330113,4,0.06451612903225806,0.07086288928985596,0.4669886827468872
R. Rowe,115,14,11.019775,12.636463,8,0.12173913043478261,2.980224609375,1.3635368347167969
R. Sevecke,27,3,4.6777735,3.7246976,3,0.1111111111111111,-1.6777734756469727,-0.7246975898742676
R. Shimizu,10,1,1.3958409,0.9285714,3,0.1,-0.3958408832550049,0.07142859697341919
R. Siemsen,13,1,2.6461582,0.97959185,1,0.07692307692307693,-1.646158218383789,0.020408153533935547
R. Spencer,1,1,0.969697,0.9726027,1,1.0,0.030303001403808594,0.0273972749710083
R. Stott,2,0,0.31182796,0.0,1,0.0,-0.31182795763015747,0.0
R. Ueki,148,12,13.583287,13.874129,3,0.08108108108108109,-1.583287239074707,-1.874129295349121
R. White,39,4,4.010376,4.0587587,2,0.10256410256410256,-0.0103759765625,-0.05875873565673828
R. Williams,223,28,32.03392,29.491625,11,0.12556053811659193,-4.0339202880859375,-1.4916248321533203
R. Yankey,7,0,0.38350186,0.0,2,0.0,-0.3835018575191498,0.0
R. van Gool,10,0,0.7905133,1.4263976,1,0.0,-0.790513277053833,-1.4263975620269775
R. Öling,1,0,0.24275362,0.0,1,0.0,-0.24275362491607666,0.0
Rafaelle,23,3,1.4263723,2.7077007,2,0.13043478260869565,1.5736277103424072,0.2922992706298828
S. Albuery,3,0,0.4234234,0.0,1,0.0,-0.4234234094619751,0.0
S. Awujo,10,0,0.58569527,0.0,2,0.0,-0.5856952667236328,0.0
S. Baggaley,2,2,1.939394,1.9795918,2,1.0,0.06060600280761719,0.020408153533935547
S. Baltimore,37,7,4.5007625,5.440853,2,0.1891891891891892,2.499237537384033,1.5591468811035156
S. Barker,3,0,0.21250896,0.0,1,0.0,-0.21250896155834198,0.0
S. Blackstenius,215,36,35.714245,35.968834,5,0.16744186046511628,0.2857551574707031,0.03116607666015625
S. Boye,1,0,0.125,0.0,1,0.0,-0.125,0.0
S. Bradley-Auckland,14,0,1.1588731,0.0,3,0.0,-1.1588730812072754,0.0
S. Bruun,6,0,0.075581394,0.0,1,0.0,-0.075581394135952,0.0
S. Catley,49,3,2.7986555,4.0689554,6,0.061224489795918366,0.20134449005126953,-1.068955421447754
S. Chossenotte,10,1,1.2568337,1.6537621,1,0.1,-0.25683367252349854,-0.6537621021270752
S. Coffey,3,0,0.24275362,0.0,1,0.0,-0.24275362491607666,0.0
S. Cooke,7,1,1.2362473,1.3795321,1,0.14285714285714285,-0.23624730110168457,-0.3795320987701416
S. D'Angelo,1,0,0.0,0.0,1,0.0,0.0,0.0
S. Ewens,4,0,0.023809524,0.0,1,0.0,-0.02380952425301075,0.0
S. Franssi,5,0,0.24275362,0.0,1,0.0,-0.24275362491607666,0.0
S. Gaupset,31,3,3.0170298,3.6408248,1,0.0967741935483871,-0.017029762268066406,-0.6408247947692871
S. Haug,67,10,10.87399,11.514715,3,0.14925373134328357,-0.8739900588989258,-1.5147151947021484
S. Hayles,24,2,3.1280503,1.9825902,3,0.08333333333333333,-1.1280503273010254,0.017409801483154297
S. Haywood,2,0,0.4672908,0.15492958,1,0.0,-0.4672907888889313,-0.15492957830429077
S. Holmberg,10,2,1.8349644,2.1067436,1,0.2,0.16503560543060303,-0.10674357414245605
S. Holmgaard,22,5,3.1250288,4.5394897,3,0.22727272727272727,1.8749711513519287,0.46051025390625
S. Hopcroft,2,0,0.0,0.0,1,0.0,0.0,0.0
S. Houghton,160,17,14.7212305,14.041519,10,0.10625,2.2787694931030273,2.9584808349609375
S. Howard,47,4,6.619596,5.024409,6,0.0851063829787234,-2.619596004486084,-1.0244088172912598
S. Ingle,108,8,9.1636305,9.08479,10,0.07407407407407407,-1.163630485534668,-1.0847902297973633
S. Kees,5,1,1.1941457,0.97959185,1,0.2,-0.19414567947387695,0.020408153533935547
S. Kerr,311,65,57.423447,56.901714,7,0.2090032154340836,7.5765533447265625,8.098285675048828
S. Koren,4,1,0.66412187,0.31944445,1,0.25,0.3358781337738037,0.6805555522441864
S. Kumagai,6,2,0.9663704,2.0916648,1,0.3333333333333333,1.033629596233368,-0.09166479110717773
S. Lohmann,2,0,0.36363637,1.083501,1,0.0,-0.3636363744735718,-1.0835009813308716
S. Lundgaard,8,0,0.7455669,0.836089,4,0.0,-0.7455669045448303,-0.836089015007019
S. Magill,69,13,11.211575,11.007999,7,0.18840579710144928,1.7884254455566406,1.9920005798339844
S. Martinez,68,16,12.913667,14.210987,2,0.23529411764705882,3.0863332748413086,1.7890129089355469
S. Mayling,41,3,4.53238,3.439548,10,0.07317073170731707,-1.5323801040649414,-0.4395480155944824
S. Mewis,55,7,7.4808936,7.5219836,1,0.12727272727272726,-0.480893611907959,-0.5219836235046387
S. Murray,8,2,1.115829,2.1404905,4,0.25,0.8841710090637207,-0.14049053192138672
S. Nüsken,110,12,16.802193,12.655915,3,0.10909090909090909,-4.802192687988281,-0.6559152603149414
S. O’Brien,79,9,11.754937,10.253611,5,0.11392405063291139,-2.754937171936035,-1.253610610961914
S. Perry-Campbell,5,0,0.08571429,0.0,2,0.0,-0.08571428805589676,0.0
S. Piubel,28,3,4.297431,3.9909587,2,0.10714285714285714,-1.2974309921264648,-0.9909586906433105
S. Robson,3,0,0.20836222,0.0,1,0.0,-0.20836222171783447,0.0
S. Sandbech,35,1,3.986261,1.075542,1,0.02857142857142857,-2.9862608909606934,-0.07554197311401367
S. Smith,1,0,0.08571429,0.0,1,0.0,-0.08571428805589676,0.0
S. Stratigakis,2,0,0.1380753,0.0,1,0.0,-0.1380753070116043,0.0
S. Struck,1,0,0.075581394,0.31944445,1,0.0,-0.075581394135952,-0.3194444477558136
S. Takarada,14,2,2.217573,2.2478004,2,0.14285714285714285,-0.21757292747497559,-0.24780035018920898
S. Tierney,62,9,6.87586,8.588497,6,0.14516129032258066,2.1241397857666016,0.4115028381347656
S. Troelsgaard,31,4,3.5526795,3.232656,2,0.12903225806451613,0.44732046127319336,0.7673439979553223
S. Walton,1,0,0.0,0.0,1,0.0,0.0,0.0
S. Williams,1,0,0.075581394,0.0,1,0.0,-0.075581394135952,0.0
S. Wiltshire,9,2,2.8921418,2.370463,2,0.2222222222222222,-0.8921418190002441,-0.37046289443969727
S. Worm,20,3,1.597977,2.9923947,3,0.15,1.4020229578018188,0.007605314254760742
S. Zadorsky,26,1,2.2593532,1.7599206,6,0.038461538461538464,-1.2593531608581543,-0.759920597076416
S. Zambra,38,1,2.2168238,1.335249,3,0.02631578947368421,-1.2168238162994385,-0.3352489471435547
S. van Veenendaal,2,2,1.939394,1.9285715,2,1.0,0.06060600280761719,0.07142853736877441
S. van de Sanden,47,5,4.895248,4.207892,4,0.10638297872340426,0.1047520637512207,0.7921080589294434
T. Duggan,144,17,19.761097,13.501677,5,0.11805555555555555,-2.761096954345703,3.498323440551758
T. Hansen,1,0,0.075581394,0.0,1,0.0,-0.075581394135952,0.0
T. Heath,35,6,5.2124205,6.4140677,2,0.17142857142857143,0.7875795364379883,-0.41406774520874023
T. Hinds,89,5,9.083322,7.528178,6,0.056179775280898875,-4.083321571350098,-2.5281782150268555
T. Koga,7,3,2.6046884,2.432471,1,0.42857142857142855,0.3953115940093994,0.5675289630889893
T. Kyvåg,5,0,0.21250896,0.118421055,1,0.0,-0.21250896155834198,-0.1184210553765297
T. Micah,1,1,0.969697,0.97959185,1,1.0,0.030303001403808594,0.020408153533935547
T. Middag,14,0,0.9930255,0.31944445,2,0.0,-0.9930254817008972,-0.3194444477558136
T. Payne,29,1,3.8425126,1.4893878,2,0.034482758620689655,-2.842512607574463,-0.48938775062561035
T. Primmer,16,2,1.7021049,1.5901685,2,0.125,0.29789507389068604,0.40983152389526367
T. Wullaert,46,6,5.1471834,6.669293,2,0.13043478260869565,0.8528165817260742,-0.6692929267883301
T. Yallop,28,1,3.4438481,2.6084018,1,0.03571428571428571,-2.443848133087158,-1.6084017753601074
Tang Jiali,11,0,0.8853354,0.0,1,0.0,-0.885335385799408,0.0
Tatiana Pinto,15,2,2.3344991,1.8028275,2,0.13333333333333333,-0.3344991207122803,0.19717252254486084
V. Asseyi,198,23,29.84369,26.797201,4,0.11616161616161616,-6.843690872192383,-3.797201156616211
V. Buurman,4,0,0.4672908,0.0,1,0.0,-0.4672907888889313,0.0
V. Bøe Risa,27,2,1.8239908,1.681217,2,0.07407407407407407,0.1760091781616211,0.3187830448150635
V. Gauvin,37,5,5.444428,5.487068,2,0.13513513513513514,-0.4444279670715332,-0.48706817626953125
V. Hanshaw,14,1,0.91133463,0.66683435,2,0.07142857142857142,0.08866536617279053,0.33316564559936523
V. Miedema,556,97,76.44631,86.59581,9,0.17446043165467626,20.553688049316406,10.404190063476562
V. Pelova,60,4,4.8247905,4.3501487,4,0.06666666666666667,-0.8247904777526855,-0.35014867782592773
V. Sarri,108,10,10.240931,10.726458,5,0.09259259259259259,-0.24093055725097656,-0.7264575958251953
V. Schnaderbeck,4,0,0.33750898,0.118421055,2,0.0,-0.3375089764595032,-0.1184210553765297
V. Williams,45,9,9.057521,9.016254,9,0.2,-0.05752086639404297,-0.016254425048828125
Vicky Losada,69,9,7.974742,8.099614,5,0.13043478260869565,1.0252580642700195,0.900385856628418
W. Kaptein,41,4,6.146886,5.982598,2,0.0975609756097561,-2.146885871887207,-1.982597827911377
W. Kiszkis,1,0,0.24275362,0.0,1,0.0,-0.24275362491607666,0.0
W. Sangaré,11,0,0.39162093,0.0,1,0.0,-0.391620934009552,0.0
Wang Shuang,8,0,0.64471376,0.0,1,0.0,-0.6447137594223022,0.0
Y. Daniëls,79,6,8.639257,9.443876,7,0.0759493670886076,-2.6392574310302734,-3.443876266479492
Y. Endo,5,1,1.2888415,0.9785555,1,0.2,-0.28884148597717285,0.021444499492645264
Y. Hasegawa,73,5,7.326623,6.2282243,5,0.0684931506849315,-2.32662296295166,-1.228224277496338
Y. Momiki,57,8,6.8151975,7.7204237,3,0.14035087719298245,1.184802532196045,0.27957630157470703
Y. Tennebø,1,0,0.074433655,0.0,1,0.0,-0.07443365454673767,0.0
Z. Kramžar,8,1,1.4112399,2.2433016,1,0.125,-0.4112398624420166,-1.2433016300201416
Z. Morse,4,0,0.1380753,0.0,1,0.0,-0.1380753070116043,0.0
Z. Shaw,2,1,0.5925926,0.9285714,2,0.5,0.40740740299224854,0.07142859697341919
Z. Wyne,16,1,2.564924,2.1642692,2,0.0625,-1.5649240016937256,-1.164269208908081
Zhang Linyan,1,0,0.0,0.0,1,0.0,0.0,0.0
È. Périsset,7,0,0.38740936,0.23333333,2,0.0,-0.38740935921669006,-0.23333333432674408
