player_name,conv_open,conv_pressure,psxg_mean_0,psxg_mean_1,n_open,n_pressure,xg_open,xg_pressure,pressure_conv_drop
A. Addison,0.16666666666666666,0.0,0.13879340887069702,0.0,24.0,7.0,0.14397198054939506,0.011958146733897071,0.16666666666666666
A. Ale,0.09090909090909091,0.0,0.19375691630623557,0.0,11.0,4.0,0.24910531734878366,0.0,0.09090909090909091
A. Anvegård,0.2222222222222222,0.0,0.24747573915455076,0.0,18.0,10.0,0.14753762301471496,0.060571798682212796,0.2222222222222222
A. Asante,0.2857142857142857,0.0,0.2285786590405873,0.0,7.0,2.0,0.09113102725573947,0.04185351356863975,0.2857142857142857
A. Baker,0.2,,0.1266187071800232,,5.0,,0.19213116765022278,,0.2
A. Beever-Jones,0.21495327102803738,0.12,0.20545265078544617,0.07943173944950103,107.0,25.0,0.20032492064148463,0.04043486773967741,0.09495327102803738
A. Bergström,0.1,0.0,0.17721518874168396,0.0797101482748985,10.0,2.0,0.20467337667942048,0.11721315979957575,0.1
A. Blanchard,0.13333333333333333,0.0,0.1929638107617696,0.0,15.0,5.0,0.21463238547245658,0.06582875996828076,0.13333333333333333
A. Csiki,0.3333333333333333,,0.2926829258600871,,3.0,,0.2294799486796061,,0.3333333333333333
A. Csillag,0.125,,0.30212316662073135,,8.0,,0.14723561424762008,,0.125
A. Dahlkemper,0.0,,0.0,,2.0,,0.04185351356863975,,0.0
A. Dennis,0.0,,0.0,,1.0,,0.4670658707618713,,0.0
A. Denton,0.42857142857142855,0.0,0.357217367206301,0.03947368493446937,7.0,13.0,0.2962793324674879,0.04560943005176689,0.42857142857142855
A. Eikeland,0.1016949152542373,0.05263157894736842,0.1263488867020203,0.051203967709290345,59.0,19.0,0.15363293166382835,0.036247295768637396,0.04906333630686888
A. Engman,0.2727272727272727,0.0,0.26939795775847003,0.0,11.0,2.0,0.19796483557332645,0.04185351356863975,0.2727272727272727
A. Everett,0.0,,0.0,,2.0,,0.050000000745058,,0.0
A. Filbey,1.0,0.0,0.9292929172515869,0.0,2.0,1.0,0.654201090335846,0.0837070271372795,1.0
A. Fujino,0.17142857142857143,0.0,0.16934087744780948,0.021276595917615018,35.0,11.0,0.1634903773665428,0.03653094307942823,0.17142857142857143
A. Galli,0.09090909090909091,0.13043478260869565,0.05755395780910145,0.11589581681334454,11.0,23.0,0.12840181047266178,0.07933943362339681,-0.03952569169960474
A. Gaylor,0.25,0.0,0.17307692766189575,0.09663742904861766,4.0,6.0,0.05514309369027612,0.05319864923755326,0.25
A. Goddard,0.0,0.0,0.0,0.0,4.0,2.0,0.1445766985416412,0.0758889205753803,0.0
A. Grant,0.07692307692307693,0.1111111111111111,0.04004087700293614,0.21257106794251335,13.0,9.0,0.10312305333522648,0.11615251832538179,-0.03418803418803418
A. Green,0.0,0.0,0.0,0.0333333350718021,2.0,2.0,0.0,0.0837070271372795,0.0
A. Greenwood,0.08064516129032258,0.0,0.11942081225495185,0.023101187348365783,62.0,50.0,0.12543260510410031,0.022419000267982478,0.08064516129032258
A. Harrison,0.1111111111111111,0.07692307692307693,0.09795679427959302,0.03947368493446937,27.0,13.0,0.11701109839810264,0.034015638323930585,0.03418803418803418
A. Hazard,0.0,,0.0,,1.0,,0.0,,0.0
A. Heatherson,0.24,0.0,0.2649007451534271,0.01875532900585847,25.0,17.0,0.17554381430149074,0.046817451058065174,0.24
A. Hegerberg,0.0,0.0,0.0,0.010822510553730855,9.0,18.0,0.08932285755872725,0.03802328991393247,0.0
A. Hodson,0.041666666666666664,0.125,0.041666666666666664,0.024350648745894425,24.0,8.0,0.14088215647886196,0.10173867270350455,-0.08333333333333334
A. Holmes,0.0,0.0,0.0,0.0,3.0,3.0,0.1888218795259793,0.07352412492036817,0.0
A. Ilestedt,0.14285714285714285,,0.1982038446835109,,7.0,,0.1857044302991458,,0.14285714285714285
A. James-Turner,0.09090909090909091,0.012195121951219513,0.10204911096529527,0.02429040176112477,66.0,82.0,0.14228282022205263,0.047913466512066544,0.0787139689578714
A. Johnson,0.0,0.0,0.0,0.10263158082962036,5.0,5.0,0.021714285016059858,0.06495784893631931,0.0
A. Joice,0.1,0.0,0.07968831211328506,0.0,10.0,8.0,0.18844333589076992,0.010463378392159937,0.1
A. Jordan,0.0,0.0,0.0,0.0,1.0,1.0,0.0,0.0,0.0
A. Jøsendal,,0.0,,0.0,,1.0,,0.0837070271372795,0.0
A. Kennedy,0.0425531914893617,0.06666666666666667,0.09398827210385749,0.11923614343007406,47.0,15.0,0.10458148611669843,0.09914564689000445,-0.024113475177304965
A. Kuyken,0.0,0.0,0.0,0.0,1.0,1.0,0.4670658707618713,0.0,0.0
A. Lahmari,,0.0,,0.0,,1.0,,0.0,0.0
A. Larkin,0.25,0.0,0.21464645862579346,0.0,4.0,3.0,0.11676646769046782,0.027902342379093167,0.25
A. Lawrence,0.2857142857142857,0.0,0.28127581093992504,0.0,7.0,4.0,0.18301528692245483,0.024390242993831624,0.2857142857142857
A. Lehmann,0.20454545454545456,0.02040816326530612,0.17448064075274902,0.029889190379454162,88.0,49.0,0.18105414662171493,0.04915992261803879,0.18413729128014844
A. Leon,0.18888888888888888,0.030303030303030304,0.21913175152407752,0.04401234966335875,90.0,33.0,0.14374162380894023,0.034360093826597375,0.15858585858585858
A. Luik,,0.0,,0.0,,2.0,,0.04185351356863975,0.0
A. Mannion,0.1,0.16666666666666666,0.08780487775802612,0.05903758108615873,10.0,6.0,0.12691846005618573,0.04579820732275643,-0.06666666666666665
A. Masaka,0.0,,0.0,,1.0,,0.0,,0.0
A. McManus,0.18518518518518517,0.0,0.15141341338555017,0.0,27.0,2.0,0.16233754806496475,0.09613922610878939,0.18518518518518517
A. Morgan,0.0,0.0,0.0,0.0,2.0,1.0,0.04878048598766325,0.0,0.0
A. Neville,0.18032786885245902,0.0,0.24379038407665785,0.012793714037308323,61.0,39.0,0.20373977775700755,0.03658962698701099,0.18032786885245902
A. Nildén,0.25,0.07692307692307693,0.2969578905031085,0.01012145785185007,16.0,13.0,0.3020821325480938,0.04795933056336181,0.17307692307692307
A. Nouwen,0.18181818181818182,0.0,0.16760549762032248,0.0,11.0,1.0,0.2450884384187785,0.0542168691754341,0.18181818181818182
A. Oshoala,0.1875,0.0,0.15505129238590598,0.0,32.0,7.0,0.18169769342057404,0.05121375301054544,0.1875
A. Palmer,0.0,0.09090909090909091,0.0,0.05755395780910145,4.0,11.0,0.06278027035295962,0.03493468463420867,-0.09090909090909091
A. Patten,0.09259259259259259,0.0,0.10280857290382739,0.0,54.0,6.0,0.1081835656530327,0.0,0.09259259259259259
A. Plumptre,0.125,,0.13329506758600473,,32.0,,0.14247726439498362,,0.125
A. Riley,0.0,0.0,0.0,0.0,2.0,1.0,0.23353293538093564,0.0,0.0
A. Rodgers,0.25,0.0,0.215801273783048,0.0819099513547761,12.0,14.0,0.20031673026581606,0.0414376567517008,0.25
A. Russo,0.17041800643086816,0.04285714285714286,0.16158910843145427,0.04516304177897317,311.0,70.0,0.16165653131063726,0.0422638534435204,0.1275608635737253
A. Sandberg,0.0,0.25,0.3303513079881668,0.03985507413744925,4.0,4.0,0.148300439119339,0.0453169997781515,-0.25
A. Scott,0.16666666666666666,0.0,0.11538461844126384,0.0,6.0,4.0,0.08662280440330504,0.03794446028769015,0.16666666666666666
A. Stringer,0.2,0.0,0.21515939633051553,0.0,15.0,21.0,0.22618336826562882,0.06033853672090029,0.2
A. Swaby,0.5,,0.4925373196601868,,2.0,,0.5,,0.5
A. Thestrup,0.21212121212121213,0.0,0.17946837526379208,0.0,33.0,8.0,0.10520769079977814,0.02757154684513806,0.21212121212121213
A. Thompson,0.20689655172413793,0.1111111111111111,0.1891970896515353,0.15165399014949799,29.0,9.0,0.18706599622964856,0.04901608328024544,0.09578544061302682
A. Tysiak,0.21739130434782608,,0.23168458951556165,,23.0,,0.18373800263456672,,0.21739130434782608
A. Weerden,0.14285714285714285,0.14285714285714285,0.12265511921473912,0.09890110152108329,14.0,7.0,0.12208270228334835,0.06301948747464588,0.0
A. Whelan,0.152,0.0,0.1631618745326996,0.026903289591982245,125.0,42.0,0.1571166634261608,0.03604047355197724,0.152
A. Yamashita,0.0,,0.0,,1.0,,0.0,,0.0
Alejandra Bernabé,0.0,0.0,0.0,0.0,5.0,3.0,0.0714875444769859,0.027902342379093167,0.0
B. Aspin,0.18181818181818182,,0.18419431285424667,,11.0,,0.19785358350385318,,0.18181818181818182
B. Chaplen,0.15789473684210525,0.05952380952380952,0.1619772909764658,0.05772652929382665,114.0,84.0,0.13450914252091917,0.0514157467211286,0.09837092731829573
B. England,0.20810810810810812,0.08333333333333333,0.220171645082332,0.06581042831142743,370.0,72.0,0.19721897737802682,0.04803336768721539,0.12477477477477479
B. Galloway,0.42857142857142855,0.0,0.32099877085004536,0.0438596506913503,7.0,3.0,0.19818264139550074,0.06409281740585959,0.42857142857142855
B. Hendrix,0.0,0.0,0.1572616919875145,0.0,8.0,1.0,0.11486024502664802,0.0837070271372795,0.0
B. Horwood,0.0,0.0,0.0,0.04870129749178885,2.0,4.0,0.0,0.020926756784319874,0.0
B. Jane,0.0,0.0,0.35530365506807965,0.0,6.0,6.0,0.3380926152070363,0.0325203239917755,0.0
B. Leon,0.2222222222222222,0.0,0.14682280355029637,0.0,9.0,1.0,0.1147544371585051,0.0,0.2222222222222222
B. Mead,0.1937984496124031,0.05154639175257732,0.17183527809589408,0.039853318066326616,258.0,97.0,0.1477763564000989,0.040660918949498324,0.1422520578598258
B. Olsson,0.35294117647058826,0.0,0.307878504781162,0.0,17.0,1.0,0.2802337362047504,0.0,0.35294117647058826
B. Rayner,0.0,,0.0,,2.0,,0.14024390280246735,,0.0
B. Roberts,0.0,,0.0,,2.0,,0.04185351356863975,,0.0
B. Roe,0.0,,0.0,,2.0,,0.0,,0.0
B. Visalli,0.0625,0.0,0.03956834599375725,0.053247995260688984,16.0,18.0,0.07761985296383499,0.03222928858465617,0.0625
Bruna Vilamala,0.25,0.0,0.2462686598300934,0.08552631735801697,4.0,6.0,0.25,0.061881944537162746,0.25
C. Arthur,0.10344827586206896,0.018518518518518517,0.09405854858201125,0.02594705629679891,29.0,54.0,0.09947176290483309,0.04078260781588377,0.08492975734355045
C. Berryhill,0.0,,0.0,,3.0,,0.0,,0.0
C. Bizet,0.14,0.041666666666666664,0.13498775988817216,0.027271778012315423,50.0,24.0,0.1458443386852741,0.04620911243061223,0.09833333333333336
C. Bott,0.0,0.0,0.016233765830596283,0.019927537068724625,12.0,8.0,0.0715407971292734,0.018972230143845074,0.0
C. Boureille,0.0,,0.0,,2.0,,0.05428571254014965,,0.0
C. Boye-Hlorkah,0.10526315789473684,0.029411764705882353,0.08583917507999822,0.045591652393341064,38.0,34.0,0.1153242256688444,0.03325661107459488,0.07585139318885448
C. Buxton,0.0,0.0,0.0,0.0,3.0,1.0,0.18802842746178308,0.0,0.0
C. Devlin,0.0,,0.0,,3.0,,0.0325203239917755,,0.0
C. Dunn,0.11538461538461539,0.0,0.1658015915980706,0.158273383975029,26.0,4.0,0.23406385974242136,0.08935943059623237,0.11538461538461539
C. Emslie,0.13580246913580246,0.0425531914893617,0.12060202069488572,0.060164734879706756,81.0,47.0,0.12359023747252827,0.05082117694806544,0.09324927764644075
C. Estcourt,0.0,0.0,0.2276756539940834,0.0,8.0,6.0,0.25626861955970526,0.0,0.0
C. Ferguson,0.0,,0.0,,1.0,,0.0,,0.0
C. Foord,0.16574585635359115,0.043478260869565216,0.1587509554064735,0.0788646761489951,181.0,46.0,0.13557796894433746,0.038268701942718523,0.12226759548402594
C. Grant,0.15625,0.0,0.15540650254115462,0.06493506332238513,32.0,3.0,0.14671224984340367,0.07352412492036815,0.15625
C. Haines,0.16666666666666666,0.0,0.16283525029818216,0.0812238956039602,6.0,11.0,0.15001862744490305,0.06616598672487516,0.16666666666666666
C. Harrison-Murray,0.03333333333333333,0.029411764705882353,0.02294372320175171,0.027573249795857596,30.0,34.0,0.07710434707502523,0.04172070247723775,0.00392156862745098
C. Hayes,0.18181818181818182,,0.1764854003082622,,11.0,,0.18241574479774994,,0.18181818181818182
C. Holland,0.109375,0.0,0.12300149048678577,0.02817770621428887,64.0,48.0,0.12082228146027771,0.047213889736061276,0.109375
C. Humphrey,0.06896551724137931,0.0,0.08698300965901079,0.032619063620981964,29.0,46.0,0.08023915311385844,0.04354631358190721,0.06896551724137931
C. Hunt,0.14285714285714285,0.0,0.15067893195719945,0.0438596506913503,21.0,3.0,0.1613020346987815,0.09159641464551287,0.14285714285714285
C. Jones,0.0625,0.3,0.10220748512074351,0.252189901471138,32.0,10.0,0.14350135228596625,0.29605175703763964,-0.2375
C. Kapocs,0.14814814814814814,0.16666666666666666,0.14271768154921355,0.10551558931668599,27.0,6.0,0.1875137744678391,0.05071323364973066,-0.018518518518518517
C. Kelly,0.14414414414414414,0.058394160583941604,0.12906715696727908,0.05766734573310309,222.0,137.0,0.14556003789845348,0.050934056921379395,0.08574998356020254
C. Lacasse,0.18181818181818182,0.25,0.12371355295181274,0.15625,11.0,4.0,0.1069096943194216,0.06135919317603107,-0.06818181818181818
C. Laris­ey,0.0,,0.0,,4.0,,0.15432653389871115,,0.0
C. Lloyd,0.0,0.0,0.018095237513383215,0.0,6.0,7.0,0.07950187722841895,0.027297459542751295,0.0
C. Macário,0.10204081632653061,0.1111111111111111,0.11777111325336963,0.08966099222501119,49.0,18.0,0.11934745813510855,0.11298123912678824,-0.00907029478458049
C. McCarron,,0.0,,0.0222222233812014,,3.0,,0.0445690092941125,0.0
C. Mustaki,0.0,,0.0,,1.0,,0.0,,0.0
C. Nevin,0.25,0.0,0.24425287544727325,0.08552631735801697,4.0,6.0,0.25,0.04647149518132208,0.25
C. Peplow,0.0,0.0,0.0733082720211574,0.0,7.0,18.0,0.12974318329777032,0.05902385090788203,0.0
C. Press,0.12121212121212122,0.0,0.10494466758135593,0.017709562724286854,33.0,11.0,0.12424950369379738,0.03169836848974227,0.12121212121212122
C. Rafferty,0.3333333333333333,0.0,0.30418945683373344,0.0,18.0,3.0,0.29184880769915045,0.027902342379093167,0.3333333333333333
C. Redisch Kvamme,0.0,,0.0,,5.0,,0.07148587703704831,,0.0
C. Rule,0.14285714285714285,0.0,0.21024259499141149,0.0,7.0,1.0,0.09334912204316681,0.0,0.14285714285714285
C. Schröder,1.0,0.0,0.8780487775802612,0.0,1.0,1.0,0.4285714328289032,0.0837070271372795,1.0
C. Scofield,0.25,0.0,0.18396227061748505,0.1,4.0,5.0,0.08342675678431988,0.0362535998225212,0.25
C. Siems,0.25,0.0,0.28612373396754265,0.1386664162079493,4.0,6.0,0.3393573462963104,0.07453576909999048,0.25
C. Stoney,0.0,,0.04006968651499067,,7.0,,0.15026186832359856,,0.0
C. Swaby,0.0,0.0,0.0,0.0,3.0,1.0,0.0,0.0837070271372795,0.0
C. Sweetman-Kirk,0.20689655172413793,0.0,0.17893603726707655,0.021417070180177675,58.0,18.0,0.17157674375279194,0.05268879048526284,0.20689655172413793
C. Sáez,0.3333333333333333,0.3333333333333333,0.39329327642917633,0.2861952781677246,3.0,3.0,0.34286515911420185,0.16091953714688617,0.0
C. Tandberg,0.12121212121212122,0.1111111111111111,0.19394954045613608,0.02164502110746171,33.0,9.0,0.16248559218012923,0.04901608328024544,0.01010101010101011
C. Ubogagu,0.15151515151515152,0.06666666666666667,0.13231947566523697,0.042206235726674396,33.0,15.0,0.1525639932263981,0.03373714958628017,0.08484848484848485
C. Walker,0.1,0.06976744186046512,0.1019238580018282,0.046765197848164755,80.0,43.0,0.1124780271667987,0.03799496547773825,0.03023255813953489
C. Weir,0.21428571428571427,0.06470588235294118,0.2079485354442445,0.05396115955184488,126.0,170.0,0.16629220509812945,0.04096675497644086,0.14957983193277308
C. Wellings,0.1415929203539823,0.0136986301369863,0.1391540759168895,0.012239217145802221,113.0,73.0,0.13472472203780064,0.03765266041641365,0.127894290216996
C. Wheeler,0.0,0.0,0.0,0.018796993153435842,9.0,7.0,0.05657950705952112,0.031510339251586354,0.0
Carla Camacho,0.0,0.25,0.070343726211124,0.158273383975029,9.0,4.0,0.13163662039571336,0.22326646931469438,-0.25
Cho So-Hyun,0.0,0.0,0.1899280607700348,0.11471861600875854,10.0,6.0,0.1452004104852676,0.03202346091469128,0.0
D. Bowman,0.0,0.044444444444444446,0.021714285016059858,0.029778442780176793,5.0,45.0,0.1618717700242996,0.04452705664767157,-0.044444444444444446
D. Bruinenberg,0.05555555555555555,0.034482758620689655,0.09072741866111755,0.05174058367466104,18.0,29.0,0.12818785715434283,0.04005002153330835,0.021072796934865898
D. Brynjarsdóttir,0.14516129032258066,0.0,0.14964158833026886,0.07382442171757037,62.0,13.0,0.1407573213500361,0.035173344497497254,0.14516129032258066
D. Caldwell,0.0,,0.0,,7.0,,0.042356474591152986,,0.0
D. Carter,0.12056737588652482,0.047058823529411764,0.11170684356004634,0.027655194173840915,141.0,85.0,0.11841689285340036,0.04401275892468058,0.07350855235711305
D. Cascarino,0.0,0.0,0.158273383975029,0.03985507413744925,4.0,4.0,0.06496710330247878,0.020926756784319874,0.0
D. Castellanos,0.045454545454545456,0.0,0.0762562325054949,0.025,22.0,25.0,0.16185391118580642,0.02655887633562087,0.045454545454545456
D. Cooper,0.0625,0.0,0.048259492963552475,0.0,16.0,3.0,0.08312139310874044,0.027902342379093167,0.0625
D. Corboz,0.2222222222222222,0.25,0.1907968521118164,0.17307692766189575,9.0,4.0,0.20064209153254825,0.04777055419981477,-0.02777777777777779
D. Draper,0.5,,0.5,,2.0,,0.5418535135686398,,0.5
D. Egurrola,0.0,0.0,0.0,0.0,8.0,3.0,0.07879365934059022,0.07352412492036815,0.0
D. Janssen,0.19444444444444445,0.08823529411764706,0.16974394706388315,0.07790457281996221,36.0,68.0,0.21224089504943952,0.06994820758700368,0.10620915032679738
D. Kerkdijk,0.23076923076923078,,0.23871098573391253,,13.0,,0.1403427284497481,,0.23076923076923078
D. O'Sullivan,0.0,0.0,0.09833024229322161,0.0,7.0,9.0,0.09003411020551408,0.03971530248721439,0.0
D. Rose,0.12121212121212122,0.0,0.13131140849807046,0.042763158679008484,33.0,12.0,0.11055697455550682,0.02978647686541079,0.12121212121212122
D. Scott,0.0,0.0,0.025000000372529,0.0,2.0,5.0,0.025000000372529,0.021714285016059858,0.0
D. Spence,0.13095238095238096,0.02564102564102564,0.13918585729386126,0.037875083299019396,168.0,78.0,0.1612745980244307,0.046792490455584625,0.10531135531135533
D. Stefanović,0.0,,0.0,,2.0,,0.04185351356863975,,0.0
D. Stokes,0.17391304347826086,0.0,0.1489112105058587,0.0,23.0,12.0,0.12741311121246088,0.018381031230092038,0.17391304347826086
D. Susi,0.0,0.0,0.0,0.0,5.0,4.0,0.12192632108926768,0.02710843458771705,0.0
D. Turner,0.1951219512195122,0.07407407407407407,0.19529025511043827,0.06102742585870954,41.0,27.0,0.11151254431503572,0.04716103482577534,0.12104787714543813
D. van Domselaar,1.0,,1.0,,1.0,,1.0,,1.0
D. van de Donk,0.25471698113207547,0.0,0.24470606474381573,0.009635136980149481,106.0,36.0,0.20922252845089387,0.031949335295293056,0.25471698113207547
Diana Silva,0.2,0.0,0.20360122621059418,0.0974025949835777,5.0,2.0,0.18950133174657818,0.090633999556303,0.2
E. Aluko,0.20930232558139536,0.0625,0.1762762547925461,0.023350014351308346,86.0,32.0,0.182185644847016,0.052377921761944876,0.14680232558139536
E. Bissell,0.15384615384615385,0.0,0.15722806637103742,0.0,13.0,6.0,0.142781216937762,0.03021133318543433,0.15384615384615385
E. Bloomfield,0.0,,0.0,,3.0,,0.08662280440330504,,0.0
E. Brazil,0.08,0.0,0.08997872591018677,0.05604818339149157,50.0,12.0,0.1413602305948734,0.04137982117633023,0.08
E. Brownlie,0.0,,0.0,,1.0,,0.0,,0.0
E. Carpenter,0.2222222222222222,0.0,0.20583363042937386,0.0,9.0,5.0,0.18205959929360283,0.0708558805286884,0.2222222222222222
E. Curson,,0.0,,0.0,,5.0,,0.033482810854911796,0.0
E. Cuthbert,0.14130434782608695,0.06486486486486487,0.13852477409755407,0.06354781175787384,184.0,185.0,0.1258343850140986,0.045414866466779946,0.07643948296122208
E. Dale,0.0,,0.0,,2.0,,0.14024390280246735,,0.0
E. Donovan,0.3333333333333333,0.0,0.3283582131067912,0.0,3.0,2.0,0.12139827758073807,0.0,0.3333333333333333
E. Follis,0.1724137931034483,0.0,0.12861626775100313,0.004923942772781147,29.0,17.0,0.14514270245001232,0.028519300634370116,0.1724137931034483
E. Fox,0.0,0.08333333333333333,0.035171863105562,0.052757794658342995,18.0,12.0,0.035440307110548006,0.05999781005084512,-0.08333333333333333
E. Franklin-Fraiture,0.0,,0.0,,3.0,,0.0325203239917755,,0.0
E. Gielnik,0.125,0.0,0.16409877190987268,0.0,24.0,5.0,0.0887717350075642,0.04432618468999862,0.125
E. Harries,0.2222222222222222,0.0,0.21147518729170164,0.009523810020514886,36.0,7.0,0.1815253843863805,0.025895428444658,0.2222222222222222
E. Hughes,0.0,,0.0,,8.0,,0.13983287662267682,,0.0
E. Jansson,0.0,0.0,0.0,0.0,1.0,1.0,0.0,0.0,0.0
E. Jones,0.0,,0.0,,1.0,,0.0,,0.0
E. Kelly,0.0,0.0,0.0,0.0,5.0,3.0,0.11015457957983014,0.06409281740585959,0.0
E. Koivisto,0.14285714285714285,0.09090909090909091,0.12775691279343196,0.044164039871909394,49.0,11.0,0.18529013901644822,0.036110419441353174,0.05194805194805194
E. Kullberg,0.0,0.0,0.09833024229322161,0.0,7.0,2.0,0.17904912254640032,0.0,0.0
E. Linari,0.0,0.0,0.0,0.0,3.0,1.0,0.09199515978495276,0.0,0.0
E. Lundh,0.25,,0.1930379718542099,,4.0,,0.11676646769046782,,0.25
E. Mason,0.3333333333333333,0.0,0.28165842592716217,0.0,12.0,6.0,0.2391934264451265,0.02298731605211893,0.3333333333333333
E. Mastrantonio,,0.14285714285714285,,0.02277432807854243,,7.0,,0.05740576769624435,-0.14285714285714285
E. Mayi Kith,0.0,,0.0,,1.0,,0.0975609719753265,,0.0
E. Morgan,0.13333333333333333,0.0,0.10037099719047544,0.0159420296549797,15.0,10.0,0.12970812271038687,0.03300646618008613,0.13333333333333333
E. Morris,0.07692307692307693,0.0,0.07980531339461987,0.03964912444353102,13.0,5.0,0.1754367873072624,0.06881125867366787,0.07692307692307693
E. Mukandi,0.20833333333333334,0.12,0.22197815279165903,0.09758887231349946,24.0,25.0,0.21963137574493882,0.058117669373750666,0.08833333333333335
E. Murphy,0.2857142857142857,0.0,0.2130970529147557,0.1315789520740509,7.0,1.0,0.10384775485311235,0.0975609719753265,0.2857142857142857
E. N'Dow,,0.0,,0.633093535900116,,1.0,,0.1085714250802993,0.0
E. Nyström,0.1111111111111111,,0.1354574660460154,,9.0,,0.16942704882886672,,0.1111111111111111
E. Pelgander,0.0,0.0,0.0,0.0,2.0,1.0,0.04185351356863975,0.0837070271372795,0.0
E. Powell,0.6666666666666666,0.0,0.6210411389668783,0.16666666666666666,3.0,3.0,0.5439406434694926,0.027902342379093167,0.6666666666666666
E. Pusey,0.0,0.0,0.0,0.059947299686345185,7.0,11.0,0.1409718138831002,0.07092017477208916,0.0
E. Ramsey,1.0,,0.9850746393203736,,1.0,,1.0,,1.0
E. Rutherford,0.1,0.0,0.12631585747003554,0.0,20.0,7.0,0.10511096902191637,0.04717176407575606,0.1
E. Ryan-Doyle,0.0,0.0,0.0,0.0,3.0,1.0,0.11914312839508052,0.0,0.0
E. Salmon,0.1282051282051282,0.0851063829787234,0.11269557386891454,0.11819807344928701,117.0,47.0,0.09881381907014763,0.06817408682818106,0.04309874522640479
E. Simon,0.0,0.0,0.0,0.0,1.0,2.0,0.0,0.0,0.0
E. Simpkins,0.0,0.045454545454545456,0.03724079622941859,0.03853327239101583,17.0,22.0,0.06735968524042296,0.04734804921529508,-0.045454545454545456
E. Snerle,0.2857142857142857,0.0625,0.18361568450927734,0.03956834599375725,7.0,16.0,0.10889692285231181,0.04572261683642863,0.2232142857142857
E. Stenevik,0.14285714285714285,0.0,0.0733082720211574,0.0,7.0,2.0,0.23382115789822167,0.0,0.14285714285714285
E. Stewart,0.0,0.0,0.11024765856564045,0.0,8.0,2.0,0.07362530240789054,0.04878048598766325,0.0
E. Summanen,0.19047619047619047,0.07894736842105263,0.17340332127752758,0.09149744400852604,21.0,38.0,0.1647165183510099,0.048516793078497815,0.11152882205513784
E. Syme,0.125,0.0,0.12212643772363663,0.08416172320192511,8.0,11.0,0.0943755367770791,0.027661763808943998,0.125
E. Terland,0.1783783783783784,0.061224489795918366,0.17899653243051994,0.06160907523364437,185.0,49.0,0.15700351946257254,0.07805352810086033,0.11715388858246002
E. Toone,0.14210526315789473,0.04201680672268908,0.15792130443610644,0.047408139004426836,190.0,119.0,0.14305889653532128,0.04789500160753224,0.10008845643520566
E. Wangerheim,0.0,,0.032894738018512726,,4.0,,0.1648360807448625,,0.0
E. Watson,,0.0,,0.0,,1.0,,0.0,0.0
E. Westwood,0.125,0.0,0.10289071500301361,0.0,16.0,1.0,0.0989709354471415,0.0837070271372795,0.125
E. Whelan,0.0,0.0,0.0,0.0,3.0,1.0,0.07352412492036817,0.0,0.0
E. White,0.1862348178137652,0.1111111111111111,0.1936666272309145,0.11837943229410383,247.0,27.0,0.19181312579918,0.05347883894487662,0.07512370670265409
E. Wilson,0.0,,0.0,,1.0,,0.0,,0.0
E. de Graaf,0.1,0.0,0.0977011501789093,0.0,10.0,1.0,0.10065731927752493,0.0,0.1
E. van Egmond,0.2,0.0,0.17297886411348978,0.0225694440305233,30.0,16.0,0.11359378720323242,0.0276377061381936,0.2
F. Allen,0.0,0.0,0.0,0.0974025949835777,2.0,2.0,0.0684326738119125,0.04185351356863975,0.0
F. Angeldahl,0.06060606060606061,0.0,0.07223411626888043,0.034321597532222144,33.0,19.0,0.11780762898199484,0.026071664141981216,0.06060606060606061
F. Ayisi,0.11428571428571428,0.0,0.1391380786895752,0.014888428979449796,35.0,18.0,0.1638882756233215,0.035190177874432654,0.11428571428571428
F. Brown,0.0,0.0,0.0,0.032894738018512726,2.0,4.0,0.0,0.0344809740781784,0.0
F. Bryson,0.13333333333333333,0.0,0.16982052425543467,0.015479876714594224,15.0,17.0,0.1154498885075251,0.039686325499240074,0.13333333333333333
F. Gibbons,0.0,0.0,0.013285024712483084,0.0,12.0,8.0,0.08336892755081253,0.020348536781966672,0.0
F. Godfrey,0.4,0.0,0.3827998717625936,0.05604818339149157,15.0,12.0,0.2688728392124176,0.05181889298061527,0.4
F. Gregory,0.1111111111111111,0.0,0.1628616816467709,0.02782931285245077,18.0,7.0,0.1317945716695653,0.037853575178555074,0.1111111111111111
F. Kirby,0.23735408560311283,0.08620689655172414,0.2197968217069537,0.08769319668926041,257.0,58.0,0.17941905274001538,0.05221177881647799,0.1511471890513887
F. Maanum,0.1678832116788321,0.07407407407407407,0.185304666413878,0.07660609612494339,137.0,81.0,0.1523662186669607,0.06403744754232005,0.09380913760475804
F. Morgan,0.058823529411764705,0.14285714285714285,0.04661846073234782,0.02782931285245077,17.0,7.0,0.06581443197586956,0.043468485985483425,-0.08403361344537814
F. Nagano,0.14285714285714285,0.0,0.12543553965432302,0.016319207102060314,7.0,20.0,0.06896551592009408,0.03338934946805237,0.14285714285714285
F. Rolfö,0.21428571428571427,0.0,0.35545581579208374,0.0,14.0,4.0,0.291610700743539,0.048069613054394694,0.21428571428571427
F. Tsunoda,1.0,,0.9315617084503174,,2.0,,0.8159109652042389,,1.0
F. Whelan,0.13333333333333333,,0.0912628412246704,,15.0,,0.09304216156403222,,0.13333333333333333
F. Williams,0.12643678160919541,0.06936416184971098,0.14402534067630768,0.060341201248885576,87.0,173.0,0.12113392263137059,0.053931725636727525,0.05707261975948444
G. Bergsvand,0.14285714285714285,,0.11981302499771118,,14.0,,0.16922177267926078,,0.14285714285714285
G. Bonner,0.10714285714285714,0.0,0.12339985563552805,0.006975585594773292,112.0,12.0,0.14287049336624993,0.02298731605211893,0.10714285714285714
G. Brougham,0.0,0.0,0.0535714291036129,0.0,8.0,1.0,0.12569865770637986,0.0837070271372795,0.0
G. Clinton,0.19642857142857142,0.045454545454545456,0.2109724512057645,0.04402292655272917,56.0,44.0,0.13438551926187106,0.055814493278210794,0.15097402597402598
G. Davison,0.1896551724137931,0.0196078431372549,0.16203899244809972,0.011712800200078997,58.0,51.0,0.14886041229655,0.03691898921833317,0.1700473292765382
G. Eaton-Collins,0.0,,0.0,,1.0,,0.0,,0.0
G. Evans,0.06666666666666667,0.0,0.10700518836577734,0.0,30.0,23.0,0.10143188262979187,0.031455273861470415,0.06666666666666667
G. Fisk,0.125,0.0,0.13712130726448127,0.0,56.0,4.0,0.15977215314550056,0.03342675697058438,0.125
G. Flaherty,0.1076923076923077,,0.12706383099922766,,65.0,,0.13028159170196604,,0.1076923076923077
G. George,0.044444444444444446,0.038461538461538464,0.050860807796319324,0.06402586515133198,45.0,26.0,0.08829354354076914,0.06511388360880886,0.0059829059829059825
G. Geyoro,0.125,0.0,0.1231343299150467,0.0,8.0,5.0,0.0981271108612418,0.06558951288461681,0.125
G. Lawley,0.125,0.0,0.12828947603702545,0.0,8.0,1.0,0.123913356103003,0.0,0.125
G. McCatty,0.0,,0.0,,2.0,,0.12271838635206214,,0.0
G. Mullett,0.08333333333333333,0.0,0.16694394250710806,0.0,12.0,1.0,0.14063251018524167,0.0,0.08333333333333333
G. Prior,0.14285714285714285,,0.18361568450927734,,7.0,,0.1365035527518817,,0.14285714285714285
G. Reiten,0.17424242424242425,0.12244897959183673,0.15128890413678053,0.08638456676687513,132.0,49.0,0.14572283021654142,0.040246478529000755,0.05179344465058752
G. Stanway,0.17532467532467533,0.08666666666666667,0.1689019516690985,0.07763862972458203,154.0,150.0,0.17789623528331902,0.07223140162726241,0.08865800865800866
G. Wilson,0.0,0.0,0.0,0.0,1.0,1.0,0.0,0.0,0.0
Gabi Nunes,0.14285714285714285,0.0,0.28816184401512146,0.0,14.0,4.0,0.23662753988589555,0.020926756784319874,0.14285714285714285
Geyse,0.07317073170731707,0.0,0.09555386061348566,0.03220231695608658,41.0,11.0,0.09837304455478015,0.03527149354869668,0.07317073170731707
Gio Garbelini,0.1111111111111111,,0.1125731004609002,,9.0,,0.14152067568567064,,0.1111111111111111
H. Bennison,0.15789473684210525,0.07692307692307693,0.1430090352108604,0.06452224690180558,19.0,26.0,0.17948298038620694,0.044205068968809554,0.08097165991902833
H. Bleazard,0.0,0.0,0.0,0.0,1.0,1.0,0.0,0.0837070271372795,0.0
H. Blundell,0.08620689655172414,0.0,0.08881485308038778,0.005497251605165414,58.0,29.0,0.10608419204323453,0.057793847702700504,0.08620689655172414
H. Cain,0.07894736842105263,0.0,0.11027593616592257,0.008624044912202016,76.0,49.0,0.12078838158202797,0.034872140279229795,0.07894736842105263
H. Cissoko,0.2857142857142857,0.0,0.21288134370531356,0.0,7.0,1.0,0.21149154113871707,0.0,0.2857142857142857
H. Eiríksdóttir,0.0,0.0,0.0,0.0,9.0,2.0,0.16633301062716377,0.11028618738055224,0.0
H. Godfrey,0.0,,0.10416666666666667,,6.0,,0.16021884853641188,,0.0
H. Hampton,1.0,,0.9810430705547333,,2.0,,1.0,,1.0
H. Hayashi,0.25806451612903225,0.15789473684210525,0.20666666809589632,0.12088871002197266,31.0,19.0,0.2383850071459047,0.062295362745460686,0.100169779286927
H. Houssein,,0.0,,0.0,,1.0,,0.0,0.0
H. Kitagawa,0.3333333333333333,0.0,0.2928710877895355,0.033333335071802125,6.0,4.0,0.2651571221649646,0.04185351356863975,0.3333333333333333
H. Ladd,0.1836734693877551,0.058823529411764705,0.14277459833086753,0.07645127352546244,49.0,51.0,0.1544643829063493,0.047534345850056274,0.1248499399759904
H. Lundkvist,0.5,0.0,0.6007348001003265,0.2340425550937652,2.0,1.0,0.3442199230194092,0.136865347623825,0.5
H. Miyazawa,0.05,0.05714285714285714,0.1354416072368622,0.049825656414031985,20.0,35.0,0.09501131698489187,0.05792291494352476,-0.007142857142857138
H. Nolan,0.0,,0.0,,1.0,,0.0,,0.0
H. O'Reilly,0.1,0.0,0.13715992867946625,0.0,20.0,9.0,0.1074024239555001,0.035348149637381227,0.1
H. Payne,0.0,0.0,0.0,0.0,10.0,2.0,0.08208440244197845,0.04185351356863975,0.0
H. Raso,0.14705882352941177,0.0,0.1539831849582055,0.011387164039271215,68.0,14.0,0.13653995140510447,0.025531265884637822,0.14705882352941177
H. Scott,0.0,0.0,0.04357361715090902,0.01315789520740509,19.0,10.0,0.11175305474745595,0.019214076548814768,0.0
H. Sharp,0.2,,0.16733863353729247,,10.0,,0.23042312785983085,,0.2
H. Short,0.09090909090909091,,0.07883055372671648,,11.0,,0.09409065476872702,,0.09090909090909091
H. Silcock,0.0,,0.0,,1.0,,0.0,,0.0
H. Wijk,0.0,0.0,0.0,0.0666666701436042,2.0,1.0,0.0,0.0,0.0
I. Atkinson,0.125,0.0,0.26540786772966385,0.0,8.0,3.0,0.16880670841783282,0.08662280440330504,0.125
I. Belloumou,,0.0,,0.0,,1.0,,0.0,0.0
I. Beney,0.25,0.0,0.20816539973020554,0.0,8.0,2.0,0.17697949940338728,0.0,0.25
I. Christiansen,0.17647058823529413,0.05660377358490566,0.17884372262393727,0.03568404013255857,68.0,53.0,0.16415246860945923,0.058222410532663436,0.11986681465038847
I. Goodwin,0.11904761904761904,0.0,0.1408228122052692,0.0,42.0,5.0,0.1856252752421867,0.03035556823015212,0.11904761904761904
I. Hobson,0.25,,0.0902777761220932,,4.0,,0.08571501448750492,,0.25
I. Kaagman,0.11538461538461539,0.06153846153846154,0.1481945663690567,0.060105611383914945,52.0,65.0,0.09780361926039823,0.05742245419667316,0.05384615384615385
I. Kardinaal,0.0,,0.2340425550937652,,1.0,,0.0837070271372795,,0.0
I. Linden,0.1,,0.05,,10.0,,0.15231439545750614,,0.1
I. Riley,0.25,0.0,0.28524037450551987,0.0,8.0,2.0,0.1651167273521423,0.0,0.25
I. Ryland,,0.0,,0.0,,3.0,,0.08832500874996184,0.0
I. Umotong,0.075,0.0,0.09935051370412111,0.00555555584530035,40.0,12.0,0.13769693905487654,0.029523283553620164,0.075
I. Wold,0.0,0.0,0.2565789520740509,0.10628019769986467,2.0,3.0,0.05428571254014965,0.06871079901854193,0.0
Inma Gabarro,0.13333333333333333,0.0,0.11594059765338897,0.06578947603702545,15.0,2.0,0.08777897804975508,0.04185351356863975,0.13333333333333333
Irene Guerrero,,0.0,,0.0,,1.0,,0.0,0.0
Ivana Fuso,0.0,0.0,0.0,0.0797101482748985,2.0,2.0,0.0684326738119125,0.090633999556303,0.0
J. Anderson,0.0,,0.0,,1.0,,0.0,,0.0
J. Andersson,0.14285714285714285,0.0,0.15554616387401307,0.0343655202537775,28.0,20.0,0.17979238341961584,0.04943117331713436,0.14285714285714285
J. Arnth,0.5,,0.629046767950058,,2.0,,0.19836688041687006,,0.5
J. Baijings,0.0,0.0,0.25547562539577484,0.06580086673299468,3.0,6.0,0.065040647983551,0.05071323364973066,0.0
J. Bailey,0.0,0.0,0.03896103934808211,0.05839895208676656,11.0,12.0,0.05298075486313212,0.0849982767055432,0.0
J. Beattie,0.10112359550561797,0.0,0.11428968457693464,0.0,89.0,16.0,0.12819460653856896,0.015133797889575355,0.10112359550561797
J. Biesmans,0.2,0.0,0.1266187071800232,0.015602837006251013,5.0,15.0,0.09608815759420393,0.056703847646713226,0.2
J. Blakstad,0.18181818181818182,0.0,0.27024255151098425,0.039007092515627534,22.0,6.0,0.19817500290545545,0.03435539950927097,0.18181818181818182
J. Brett,0.14285714285714285,0.0,0.12265511921473912,0.0,14.0,8.0,0.20771701660539418,0.0805359538644552,0.14285714285714285
J. Carabalí,0.13333333333333333,0.0,0.1323383092880249,0.032894738018512726,15.0,4.0,0.158156681060791,0.026054217480123022,0.13333333333333333
J. Carter,0.16666666666666666,0.05555555555555555,0.17656025725106397,0.0756049942639139,24.0,18.0,0.1596080895202855,0.054715900785393165,0.1111111111111111
J. Cayman,0.20689655172413793,0.1,0.19329507186495024,0.05740145891904831,29.0,20.0,0.174858049842818,0.06434194594621656,0.10689655172413792
J. Clark,0.08,0.0,0.07434343338012696,0.25,25.0,2.0,0.1352368314564228,0.0684326738119125,0.08
J. Clarke,0.13592233009708737,0.06666666666666667,0.11918069060566355,0.034065062138769364,103.0,45.0,0.14064782224957223,0.04503325463996992,0.06925566343042071
J. Finn,0.0,,0.0,,1.0,,0.0837070271372795,,0.0
J. Fishlock,0.06666666666666667,0.043478260869565216,0.06567164262135824,0.10687515528305717,15.0,23.0,0.10896532833576203,0.08746779483297595,0.02318840579710145
J. Fleming,0.2571428571428571,0.06666666666666667,0.25347128425325666,0.028571428855260213,35.0,15.0,0.20435038805007932,0.05431219091018039,0.19047619047619047
J. Fox,0.3333333333333333,0.0,0.25738396247227985,0.0,3.0,1.0,0.16381381576259926,0.0,0.3333333333333333
J. Galabadaarachchi,0.0,0.0,0.0,0.0,4.0,4.0,0.06135919317603107,0.0,0.0
J. Green,0.125,0.0,0.13480570819228888,0.04872401576975117,16.0,23.0,0.20209816703572867,0.03717626631259917,0.125
J. Groenen,0.0,0.0,0.03128689527511597,0.009377664502929236,22.0,17.0,0.1297020576894283,0.03987210901344523,0.0
J. Henning,0.0,0.0,0.0,0.0,1.0,1.0,0.0,0.0837070271372795,0.0
J. Hutton,0.0,0.0,0.0,0.032894738018512726,2.0,4.0,0.04878048598766325,0.020926756784319874,0.0
J. Jones,0.0,0.0,0.0,0.0,8.0,8.0,0.07716914452612399,0.0172404870390892,0.0
J. Kemppi,0.2,0.0,0.07084509730339048,0.0,5.0,2.0,0.09537471532821652,0.0,0.2
J. Matthews,0.12,0.0,0.14113786458969116,0.0,25.0,5.0,0.20773208901286122,0.016741405427455898,0.12
J. Moore,0.09090909090909091,0.0625,0.1279111528938467,0.03378444847961267,55.0,48.0,0.1287952284921299,0.03802191380721826,0.02840909090909091
J. Napier,0.06666666666666667,0.0,0.06567164262135824,0.0,15.0,7.0,0.13829820305109022,0.0,0.06666666666666667
J. Naz,0.13559322033898305,0.03225806451612903,0.152873013736838,0.02981718028745343,59.0,31.0,0.14838835041401746,0.03152957943177991,0.10333515582285402
J. Nighswonger,0.0,0.0,0.0,0.0,1.0,5.0,0.1085714250802993,0.021714285016059858,0.0
J. Nobbs,0.17777777777777778,0.06896551724137931,0.15634147102634113,0.06661887477184164,180.0,145.0,0.15347435354358618,0.051307717582275106,0.10881226053639848
J. Park,0.13636363636363635,0.09523809523809523,0.1535244369032708,0.07661972656136468,88.0,63.0,0.1378946801308881,0.04084798717309557,0.04112554112554112
J. Pennock,0.2222222222222222,0.0,0.24037317434946695,0.05000000074505806,9.0,8.0,0.1621138991581069,0.05092971539124844,0.2222222222222222
J. Potter,0.08333333333333333,0.01639344262295082,0.08141762514909108,0.011857874569345691,12.0,61.0,0.14504638003806272,0.045947072874815725,0.0669398907103825
J. Purfield,0.25,0.041666666666666664,0.2115388053158919,0.05887158835927645,12.0,24.0,0.221521339379251,0.04346315454070765,0.20833333333333334
J. Rantala,0.14583333333333334,0.0,0.13696944496283928,0.022876278186837823,48.0,24.0,0.12031182522575058,0.05153209219376243,0.14583333333333334
J. Riviere,0.16666666666666666,0.0,0.06018518408139547,0.0,6.0,6.0,0.10123962039748824,0.02298731605211893,0.16666666666666666
J. Roddar,0.0,0.0,0.0,0.7358490824699402,2.0,1.0,0.0,0.2598684132099151,0.0
J. Roord,0.18811881188118812,0.02564102564102564,0.1878310182307026,0.030909374738350894,101.0,39.0,0.15837382657988236,0.04052168341019213,0.1624777862401625
J. Rose,0.07692307692307693,0.0,0.09514460884607755,0.050000000745058,13.0,1.0,0.15161453932523725,0.050000000745058,0.07692307692307693
J. Ross,0.2391304347826087,0.03333333333333333,0.21753939403140027,0.03164597153663635,92.0,30.0,0.17712505299436004,0.04632372607787449,0.20579710144927538
J. Rybrink,0.3333333333333333,,0.33084577322006226,,6.0,,0.3380992462237676,,0.3333333333333333
J. Rytting Kaneryd,0.11956521739130435,0.0,0.11185337716470593,0.030555555330855497,92.0,14.0,0.12722162485284647,0.040330619152103134,0.11956521739130435
J. Scott,0.1206896551724138,0.03773584905660377,0.12793109142060938,0.043235399531868265,116.0,53.0,0.1681543446691899,0.0638059688345441,0.08295380611581002
J. Sigsworth,0.1794871794871795,0.0,0.14955819474580961,0.0,39.0,8.0,0.19138651570448506,0.02757154684513806,0.1794871794871795
J. Sonis,0.08333333333333333,0.0625,0.0941394403576851,0.05298324953764677,60.0,16.0,0.1164231444398562,0.050110773183405385,0.02083333333333333
J. Spetsmark,0.0,,0.0,,1.0,,0.0975609719753265,,0.0
J. Taylor,0.21739130434782608,0.0,0.20116485979246057,0.0,23.0,3.0,0.22316888784584793,0.027902342379093167,0.21739130434782608
J. Thibaud,0.05263157894736842,0.0,0.14724096734272807,0.0318840593099594,19.0,5.0,0.12487691131077315,0.050224216282367694,0.05263157894736842
J. Vanhaevermaet,0.13953488372093023,0.0,0.15882630507613338,0.0159420296549797,43.0,10.0,0.15579102794791375,0.08568390682339665,0.13953488372093023
J. Wik,,0.0,,0.0,,1.0,,0.0,0.0
J. Zigiotti Olme,0.21428571428571427,0.0,0.17149585485458374,0.04453983785290467,28.0,38.0,0.20861997854496747,0.04024648489920715,0.21428571428571427
J. Ziu,0.0,0.0,0.05755395780910145,0.0,11.0,2.0,0.0902718590064482,0.0,0.0
J. Čanković,0.3076923076923077,0.0625,0.25722133139005077,0.12512725964188576,26.0,16.0,0.2354403378871771,0.04846167657524345,0.2451923076923077
J. Šimić,0.2857142857142857,0.0,0.21542870998382568,0.046876932893480557,7.0,7.0,0.1262759513088635,0.05740576769624436,0.2857142857142857
Jade Boho,0.0,,0.0,,1.0,,0.0,,0.0
Jana Fernández,0.1111111111111111,0.0,0.0953984260559082,0.03951121408205764,9.0,13.0,0.08462084250317678,0.05502676619933199,0.1111111111111111
Jeon Ga-Eul,0.0,0.0,0.0,0.0,1.0,1.0,0.136865347623825,0.0542168691754341,0.0
Ji So-Yun,0.2066115702479339,0.06451612903225806,0.18836377437942284,0.07698262266574367,121.0,124.0,0.16911068432464085,0.059373392843671366,0.14209544121567583
Júlia Bartel,,0.0,,0.0,,1.0,,0.0,0.0
K. Aldridge,0.0,,0.0,,3.0,,0.0,,0.0
K. Asllani,0.125,0.0,0.12334641938408215,0.010628019769986468,24.0,15.0,0.19131512070695558,0.04965531875689823,0.125
K. Barton,0.10606060606060606,0.02702702702702703,0.13315775245428085,0.02173397710194459,66.0,37.0,0.16646581120563272,0.04721174801926353,0.07903357903357904
K. Baunach,0.5,0.2,0.43396227061748505,0.20919552296400065,4.0,5.0,0.26624556444585323,0.1591444611549377,0.3
K. Benameur,1.0,,1.0,,1.0,,1.0,,1.0
K. Buchanan,0.25,,0.2845378424972296,,8.0,,0.24716191738843915,,0.25
K. Carney,0.13725490196078433,0.041666666666666664,0.12522522140951717,0.05886628245934844,51.0,48.0,0.13106342901786167,0.05088487492563822,0.09558823529411767
K. Casparij,0.2608695652173913,0.0,0.27011975257293036,0.013285024712483084,23.0,12.0,0.2550159582625265,0.03718691878020763,0.2608695652173913
K. Chapman,0.14583333333333334,0.0,0.09953516100843747,0.0,48.0,21.0,0.10409484050857522,0.047893972269126325,0.14583333333333334
K. Cooney-Cross,0.0,0.0,0.04000000059604645,0.04617976273099581,10.0,12.0,0.04660091474652288,0.048432145267724984,0.0
K. Dali,0.10638297872340426,0.061855670103092786,0.0955063634096308,0.07754886234851227,47.0,97.0,0.10824146914355297,0.05299503290929743,0.04452730862031147
K. Gago,0.2962962962962963,0.0,0.27392329110039604,0.0,27.0,3.0,0.2239994612280969,0.0,0.2962962962962963
K. Gorry,0.05263157894736842,0.05405405405405406,0.053324100218321145,0.05269623688749365,19.0,37.0,0.1115469705117376,0.05936807847103555,-0.001422475106685639
K. Graham,0.0784313725490196,0.06451612903225806,0.10581748099888072,0.07129553849658658,51.0,62.0,0.1342521882524677,0.055821400195840844,0.013915243516761544
K. Hanson,0.1897810218978102,0.07936507936507936,0.1989770236894162,0.07398977568225255,137.0,63.0,0.1793667203916685,0.06576697883151825,0.11041594253273085
K. Harrop,0.16981132075471697,0.0,0.14656328241217811,0.06368451737440549,53.0,13.0,0.13100367559576934,0.03900890711408393,0.16981132075471697
K. Hines,0.0,0.0,0.015207260847091666,0.0,9.0,11.0,0.04090370527572099,0.05899212644858793,0.0
K. Holmgaard,0.29411764705882354,0.0,0.29750902337186474,0.0,17.0,3.0,0.16279280799276688,0.0,0.29411764705882354
K. Johnston,0.0,0.0,0.0,0.07142857142857142,7.0,7.0,0.09457340304340632,0.04965156742504664,0.0
K. Keating,1.0,,1.0,,1.0,,1.0,,1.0
K. Kühl,0.0,0.0,0.0,0.0,6.0,8.0,0.16010930637518564,0.07398300524801012,0.0
K. Lampson,0.15789473684210525,0.058823529411764705,0.1888688000147803,0.04164488788913278,57.0,17.0,0.19306507549787819,0.035797576693927524,0.09907120743034055
K. Leine,0.1,,0.18717437386512756,,10.0,,0.23041950017213822,,0.1
K. Levell,1.0,,0.9850746393203736,,2.0,,1.0,,1.0
K. Linnett,0.1,0.02857142857142857,0.09150513768196106,0.010317460128239224,50.0,35.0,0.09970228448510168,0.03261458809886658,0.07142857142857144
K. Lipka,0.0,0.0,0.0,0.0,2.0,3.0,0.0,0.0,0.0
K. Little,0.20930232558139536,0.075,0.1511455528264822,0.05720905773341656,86.0,40.0,0.12979341636216915,0.06109765972942112,0.13430232558139538
K. Longhurst,0.09302325581395349,0.0,0.12421773027542025,0.0477408093214035,43.0,25.0,0.11934908202221226,0.046314594149589515,0.09302325581395349
K. MacLean,0.0,0.0,0.1071428582072258,0.10879471401373543,4.0,3.0,0.15509258955717087,0.08216510713100429,0.0
K. McCabe,0.13392857142857142,0.07766990291262135,0.14321845251002482,0.058123802892791405,112.0,103.0,0.1007129612511822,0.043439483685979545,0.05625866851595007
K. McCarthy,0.0,,0.0,,1.0,,0.0,,0.0
K. McDougall,,0.0,,0.0,,1.0,,0.0,0.0
K. Mewis,,0.0,,0.0,,3.0,,0.027902342379093167,0.0
K. Natkiel,0.0,0.0,0.0,0.0,5.0,12.0,0.016741405427455898,0.020541276782751073,0.0
K. Olesen,0.0,,0.0,,2.0,,0.0,,0.0
K. Pearce,0.5,0.0,0.4885057508945465,0.03246753166119257,2.0,6.0,0.4655172526836395,0.04647149518132208,0.5
K. Ramshaw,0.1875,0.0,0.20758303441107273,0.0,16.0,9.0,0.12043087324127554,0.07789035141468045,0.1875
K. Reid,,0.0,,0.0,,1.0,,0.0837070271372795,0.0
K. Robinson,0.125,0.14285714285714285,0.12413991801440716,0.07052278731550489,40.0,14.0,0.11037501934915779,0.08026213358555519,-0.01785714285714285
K. Rood,1.0,,0.8585858345031738,,1.0,,0.2598684132099151,,1.0
K. Seike,0.1746031746031746,0.17647058823529413,0.15928901731967926,0.12406879707294352,63.0,17.0,0.16216852858899128,0.05514045738998579,-0.0018674136321195356
K. Shaw,0.20430107526881722,0.11428571428571428,0.20911783166229725,0.059217191593987605,372.0,35.0,0.1799919112154873,0.053133530595472864,0.09001536098310293
K. Simon,0.16666666666666666,0.0,0.1958400383591652,0.0,12.0,6.0,0.11939569128056365,0.027902342379093167,0.16666666666666666
K. Sjoman,0.25,,0.2462686598300934,,4.0,,0.2977705541998148,,0.25
K. Skeels,0.0,0.0,0.2890453636646271,0.0,3.0,1.0,0.1115682249267896,0.0542168691754341,0.0
K. Smith,0.07142857142857142,0.07692307692307693,0.10068769540105547,0.03464765732104961,14.0,13.0,0.20615765745086326,0.03761884455497447,-0.005494505494505503
K. Snoeijs,0.1511627906976744,0.07142857142857142,0.16658120013253633,0.04522096685000828,86.0,14.0,0.14471751295549923,0.04235161361949783,0.07973421926910298
K. Svitková,0.19230769230769232,0.0,0.1592262490437581,0.0,26.0,13.0,0.14845598947543362,0.02984510992582027,0.19230769230769232
K. Veje,0.0,0.0,0.09906422905623913,0.0,8.0,15.0,0.08275172766298054,0.018399031956990552,0.0
K. Walsh,0.1875,0.06944444444444445,0.10931293666362762,0.07775198854506016,16.0,72.0,0.10961871268227694,0.0659065410080883,0.11805555555555555
K. Weir,0.0,,0.0,,1.0,,0.0,,0.0
K. Zelem,0.20754716981132076,0.02564102564102564,0.17403324960537678,0.053588315398774594,53.0,117.0,0.15724466755142752,0.04860045824550154,0.18190614417029513
K. van Es,,0.0,,0.0,,1.0,,0.0837070271372795,0.0
K. Ómarsdottir,0.0625,0.0,0.048259492963552475,0.0,16.0,11.0,0.0788742983713746,0.04540012234991245,0.0625
Kerolin,0.21153846153846154,0.1111111111111111,0.2119071019383577,0.07647907733917236,52.0,9.0,0.15654486432098424,0.05940640634960596,0.10042735042735043
L. Agg,1.0,,0.633093535900116,,1.0,,0.136865347623825,,1.0
L. Arnot,0.0,,0.7358490824699402,,1.0,,0.7007874250411987,,0.0
L. Bance,0.0,0.0,0.0,0.0,3.0,1.0,0.14285714427630106,0.0,0.0
L. Bassett,0.0,0.0,0.0,0.0,3.0,2.0,0.08662280440330504,0.11721315979957575,0.0
L. Blindkilde Brown,0.09090909090909091,0.0,0.16592717441645535,0.02812473132060124,22.0,13.0,0.19209750606255094,0.04574588628915639,0.09090909090909091
L. Bronze,0.12162162162162163,0.0,0.1361232620437403,0.011164917894031685,74.0,23.0,0.11686851436624654,0.03703480473031166,0.12162162162162163
L. Bruton,0.14814814814814814,0.0,0.1735396571457386,0.023628892125310125,54.0,37.0,0.15141454090674714,0.03177603948357942,0.14814814814814814
L. Burridge,0.0,0.0,0.0,0.0,2.0,1.0,0.0684326738119125,0.0837070271372795,0.0
L. Bühler,0.0,,0.013333334028720839,,5.0,,0.0,,0.0
L. Coombs,0.1702127659574468,0.04807692307692308,0.12813497065229618,0.046410421375185244,94.0,104.0,0.12316296966944601,0.05543557092404135,0.12213584288052373
L. Crichton,0.0,0.0,0.0,0.0,6.0,9.0,0.06955885887145995,0.009300780793031056,0.0
L. Dykes,0.3333333333333333,0.0,0.3256705005963643,0.0,3.0,4.0,0.3533140917619069,0.09699660725891587,0.3333333333333333
L. Evans,0.21568627450980393,0.0625,0.20668622939025655,0.03956834599375725,51.0,16.0,0.15005893479375274,0.05151236010715364,0.15318627450980393
L. Galton,0.22077922077922077,0.07142857142857142,0.2350370523023915,0.07052278731550489,154.0,14.0,0.2019098458642309,0.08614370413124559,0.14935064935064934
L. Gunning-Williams,0.0,0.0,0.0,0.0,3.0,4.0,0.0325203239917755,0.03421633690595625,0.0
L. Hemp,0.1554054054054054,0.054945054945054944,0.16207416315336484,0.05986543728427573,296.0,91.0,0.15829122076566152,0.04883230850100515,0.10046035046035046
L. Hope,0.1111111111111111,0.09615384615384616,0.1135119206375546,0.04917666000815538,90.0,52.0,0.14652353326479592,0.057417158037424074,0.014957264957264946
L. Hurtig,0.14285714285714285,0.0,0.22125336527824402,0.0,14.0,1.0,0.08935990557074545,0.0,0.14285714285714285
L. James,0.2074074074074074,0.07446808510638298,0.21318274112763227,0.08278703657870597,135.0,94.0,0.1599613716204961,0.05664897868607905,0.13293932230102443
L. Joel,0.0,0.0,0.0,0.0,2.0,1.0,0.02710843458771705,0.0,0.0
L. Karlseng Utland,0.2,,0.26428104639053346,,5.0,,0.24784254878759385,,0.2
L. Kendall,0.0,0.0,0.05158730064119611,0.0,7.0,5.0,0.09468427513326914,0.0362535998225212,0.0
L. Kiernan,0.23255813953488372,0.0,0.24671952772972194,0.02916898909542295,43.0,18.0,0.20586929193069764,0.08054249443941644,0.23255813953488372
L. Kop,1.0,,0.9850746393203736,,1.0,,1.0,,1.0
L. Le Garrec,0.0,0.043478260869565216,0.0,0.07582165106483128,10.0,23.0,0.0564147815108299,0.04575187680513961,-0.043478260869565216
L. León,0.25,0.0,0.158273383975029,0.0,4.0,1.0,0.15433828905224797,0.0837070271372795,0.25
L. Lindström,0.0,0.0,0.0,0.0,5.0,1.0,0.16753055453300475,0.0,0.0
L. Little,0.0,,0.03246753166119257,,6.0,,0.1500287776192029,,0.0
L. Maier,0.3333333333333333,0.0,0.31052056948343915,0.010964912672837576,6.0,12.0,0.32268355538447696,0.033486697822809205,0.3333333333333333
L. Murphy,0.0,0.0,0.15613253911336264,0.07222222089767456,9.0,5.0,0.18955816576878226,0.0195121943950653,0.0
L. Naalsund,0.3333333333333333,0.0,0.28366757134596504,0.0,15.0,9.0,0.16478726367155708,0.04310960322618483,0.3333333333333333
L. Parker,0.2857142857142857,0.0,0.20908639686448233,0.11771616712212563,14.0,8.0,0.2523244385208402,0.02574933879077434,0.2857142857142857
L. Parry,0.0,0.0,0.0,0.0,3.0,1.0,0.0,0.0,0.0
L. Paul,0.0,0.0,0.0,0.0,1.0,1.0,0.0,0.0837070271372795,0.0
L. Petermann,0.13333333333333333,0.5,0.11338696976502735,0.3679245412349701,30.0,2.0,0.13821825981140134,0.136865347623825,-0.3666666666666667
L. Piggott,0.5,,0.8090840876102448,,2.0,,0.47539371252059937,,0.5
L. Potter,0.14285714285714285,0.0,0.1682539709976741,0.019927537068724625,7.0,8.0,0.16588658626590452,0.05292609566822646,0.14285714285714285
L. Quinn,0.1595744680851064,0.04878048780487805,0.1665500407998866,0.042779041681347815,94.0,41.0,0.1536910527960417,0.05561372147100726,0.11079398028022834
L. Rafferty,0.16666666666666666,,0.22862395644187927,,6.0,,0.13979701014856497,,0.16666666666666666
L. Reichardt,0.0,0.0,0.0,0.0,3.0,3.0,0.05580468475818633,0.07352412492036815,0.0
L. Ribadeira,0.0,,0.0,,1.0,,0.0,,0.0
L. Robe,0.0,0.0,0.0,0.0,3.0,5.0,0.0180722897251447,0.038428153097629536,0.0
L. Robertson,0.0,0.0,0.0,0.0,1.0,5.0,0.0975609719753265,0.04411447495222089,0.0
L. Roche,,0.5,,0.316546767950058,,2.0,,0.05428571254014965,-0.5
L. Sanderson,0.0,0.0,0.0,0.0,4.0,7.0,0.11036036163568495,0.019552192517689283,0.0
L. Schüller,0.16666666666666666,,0.1430976390838623,,6.0,,0.15805137654145557,,0.16666666666666666
L. Smith,0.1,0.25,0.09850746393203737,0.20697468146681786,10.0,4.0,0.17804024964570994,0.1656834259629249,-0.15
L. Smørsgård,0.0,,0.0,,1.0,,0.0,,0.0
L. Staniforth,0.11538461538461539,0.0,0.11546647090178269,0.01810633151427559,78.0,115.0,0.11210216386004898,0.03357056871704432,0.11538461538461539
L. Vetterlein,0.2,0.0,0.1266187071800232,0.032894738018512726,5.0,4.0,0.11214365810155864,0.04185351356863975,0.2
L. Wade,0.25,0.0,0.125,0.0,4.0,4.0,0.0893573462963104,0.0,0.25
L. Wandeler,0.0,,0.0,,5.0,,0.0195121943950653,,0.0
L. Whipp,0.16666666666666666,0.0,0.1552620306611061,0.026570049424966168,6.0,6.0,0.16358210518956182,0.02298731605211893,0.16666666666666666
L. Wienroither,0.08333333333333333,0.0,0.12759700293342272,0.0733082720211574,12.0,7.0,0.1605664491653442,0.011958146733897071,0.08333333333333333
L. Williamson,0.11904761904761904,0.0,0.13534773451586565,0.014721346623969797,84.0,33.0,0.13208796651590435,0.03860934349623592,0.11904761904761904
L. Wilms,0.3333333333333333,0.1,0.27596624195575714,0.0792513832449913,3.0,10.0,0.19187909861405686,0.05900707617402075,0.2333333333333333
L. Woodham,0.07692307692307693,0.0,0.12860128398124987,0.08333333333333333,13.0,6.0,0.12177386536048007,0.032046408702929796,0.07692307692307693
L. Wubben-Moy,0.10810810810810811,0.0,0.10497872873738005,0.158273383975029,74.0,4.0,0.1321781310882117,0.024390242993831624,0.10810810810810811
L. Wälti,0.08333333333333333,0.0,0.030092592040697735,0.03284600377082825,12.0,30.0,0.10934443523486455,0.03302869747082391,0.08333333333333333
Laia Aleixandri,0.125,0.0,0.1509585604071617,0.04357864335179327,24.0,6.0,0.14951953850686547,0.05319864923755326,0.125
Laia Codina,0.0,,0.09942046403884888,,10.0,,0.09467466324567791,,0.0
Lee Geum-Min,0.21428571428571427,0.09523809523809523,0.17755104069198882,0.04734307811373756,42.0,21.0,0.23114980384707445,0.024992941745689928,0.11904761904761904
Leila Ouahabi,0.05555555555555555,0.0,0.0476992130279541,0.05288522938887277,18.0,18.0,0.1452516307019525,0.04962731194165016,0.05555555555555555
Li Mengwen,0.0,0.0,0.0,0.0,3.0,3.0,0.045621782541275,0.0781421065330505,0.0
Lucía Corrales,0.1,,0.08780487775802612,,10.0,,0.1381260447204113,,0.1
Lucía García,0.2037037037037037,0.0,0.2160265158723902,0.0,54.0,14.0,0.15213065352980734,0.03047891227262359,0.2037037037037037
M. Agyemang,0.19047619047619047,0.0,0.2273677041133245,0.0,21.0,8.0,0.20399542507671176,0.03546337876468896,0.19047619047619047
M. Alexander,1.0,0.0,0.8585858345031738,0.0,1.0,4.0,0.4827586114406585,0.048069613054394694,1.0
M. Barker,,0.0,,0.024843451877435033,,3.0,,0.0180722897251447,0.0
M. Barron-Clark,1.0,0.0,0.9850746393203736,0.0,1.0,1.0,1.0,0.0837070271372795,1.0
M. Bartrip,0.1111111111111111,0.07692307692307693,0.18418364889091915,0.0,9.0,13.0,0.1319915441175302,0.03183918274365938,0.03418803418803418
M. Bergman-Lundin,0.0,,0.0,,2.0,,0.0,,0.0
M. Bright,0.06153846153846154,0.022727272727272728,0.08693507101673346,0.02847580222243612,130.0,44.0,0.11266408998232619,0.03955412689935076,0.038811188811188814
M. Campbell,0.25,0.0,0.2195121943950653,0.02631579041481018,4.0,5.0,0.14783250913023943,0.04411447495222089,0.25
M. Cato,0.15384615384615385,0.0,0.11474456695409921,0.0,13.0,4.0,0.117254390166356,0.03794446028769015,0.15384615384615385
M. Clémaron,0.0,0.0,0.07326892183886634,0.02011322000851997,9.0,13.0,0.03342776414420868,0.04201145871327472,0.0
M. Connolly,0.15,0.0967741935483871,0.20108358040452004,0.06702315230523387,20.0,31.0,0.2032441131770611,0.053238948626864326,0.0532258064516129
M. Enderby,0.0967741935483871,0.0,0.11843661339052262,0.0,31.0,8.0,0.11142454752998966,0.055143093690276125,0.0967741935483871
M. Eriksson,0.09433962264150944,0.0,0.11158502804783155,0.08087367090311917,106.0,11.0,0.151507551904838,0.060186541215939936,0.09433962264150944
M. Ewers,0.0,0.0,0.08468838036060333,0.016717325363840373,11.0,14.0,0.08208111064000562,0.04122189725083963,0.0
M. Farrow,0.21052631578947367,0.0,0.19057251748285794,0.0,19.0,5.0,0.2032064450414557,0.05197368264198302,0.21052631578947367
M. Filis,0.0,0.0,0.0,0.0,4.0,5.0,0.03421633690595625,0.02084337398409842,0.0
M. Finnigan,0.16363636363636364,0.0,0.1725724454630505,0.012195121496915812,55.0,8.0,0.14207514524459836,0.050362365320324884,0.16363636363636364
M. Fishel,0.11764705882352941,0.0,0.09707062735277064,0.03985507413744925,17.0,4.0,0.10864163321607252,0.07746710348874328,0.11764705882352941
M. Fletcher,0.3,0.0,0.1990169405937195,0.0,10.0,1.0,0.20959413349628447,0.0837070271372795,0.3
M. Fowler,0.1891891891891892,0.09523809523809523,0.1838216725233439,0.08123559540226347,37.0,21.0,0.19820387742003875,0.06952692958570661,0.09395109395109397
M. Gejl,0.25,0.0,0.1834558000167211,0.0,12.0,4.0,0.16882665051768223,0.0125000001862645,0.25
M. Goodwin,0.10810810810810811,0.0,0.11255028360598796,0.01771336628331078,37.0,9.0,0.11321558128740335,0.0108401079972585,0.10810810810810811
M. Green,0.2857142857142857,0.0,0.25899619502680643,0.01948051899671554,7.0,10.0,0.1258943863213062,0.02649750262498855,0.2857142857142857
M. Gut,0.0,0.0,0.0,0.0,3.0,3.0,0.0,0.027902342379093167,0.0
M. Haley,0.09615384615384616,0.125,0.11521676268715125,0.13980099745094776,52.0,8.0,0.16222121043560597,0.17041707830503577,-0.02884615384615384
M. Hamano,0.15789473684210525,0.0,0.25361027098015737,0.0,38.0,14.0,0.2385972487299066,0.041437656751700795,0.15789473684210525
M. Harris,0.0,0.0,0.0,0.0451388880610466,14.0,8.0,0.03926544104303631,0.04849830362945794,0.0
M. Hijikata,0.0,0.0,0.016447369009256363,0.0,8.0,1.0,0.1078428635373711,0.136865347623825,0.0
M. Hill,0.0,0.0,0.0,0.0,3.0,1.0,0.045621782541275,0.0837070271372795,0.0
M. Hourihan,1.0,,1.0,,1.0,,1.0,,1.0
M. Höbinger,0.14285714285714285,0.07692307692307693,0.12382326452505021,0.06903151422739029,21.0,39.0,0.10257786725248608,0.038695295365192936,0.06593406593406592
M. Iwabuchi,0.11764705882352941,0.2,0.14643079743665807,0.07222222089767456,17.0,5.0,0.1359303641845198,0.04411447495222089,-0.0823529411764706
M. Kearns,0.13043478260869565,0.0,0.14029252755901087,0.016012191346713472,46.0,35.0,0.18113367162320926,0.0487790695258549,0.13043478260869565
M. Lambert,0.0,0.0,0.0,0.0,8.0,2.0,0.13073469605296847,0.09554110839962954,0.0
M. Lawley,0.058823529411764705,0.015384615384615385,0.02707031252337437,0.004476911517289968,51.0,65.0,0.10761632156722684,0.027330587460444512,0.04343891402714932
M. Le Tissier,0.17073170731707318,0.0,0.1350968821746547,0.06073926045344425,41.0,13.0,0.12326976048146804,0.0457828749830906,0.17073170731707318
M. Leth Jans,0.0,,0.0,,1.0,,0.0,,0.0
M. Leupolz,0.17391304347826086,0.041666666666666664,0.21376160435054614,0.07901144959032536,23.0,24.0,0.13276120080896045,0.047269547047714376,0.1322463768115942
M. Lundorf,0.0,0.0,0.0,0.0,5.0,2.0,0.12689598500728605,0.0,0.0
M. Malard,0.14285714285714285,0.125,0.16628104333694166,0.10638548340648413,91.0,16.0,0.18478840769647242,0.04038005694746969,0.01785714285714285
M. Marcetto,0.2,,0.2676245212554932,,5.0,,0.15100085884332656,,0.2
M. Minami,0.5,,0.4925373196601868,,2.0,,0.5,,0.5
M. Mjelde,0.2564102564102564,0.03333333333333333,0.22999147917979804,0.045480131854613616,39.0,30.0,0.20631907689265716,0.0482257381081581,0.22307692307692306
M. Mpome,0.2,0.0,0.25555555820465087,0.0,5.0,2.0,0.0778118461370468,0.04185351356863975,0.2
M. Munsterman,,0.0,,0.0,,2.0,,0.04185351356863975,0.0
M. Olislagers,0.2727272727272727,0.2857142857142857,0.20147012580524792,0.11827124655246735,11.0,7.0,0.17260665378787302,0.0665715443236487,-0.012987012987012991
M. Pacheco,0.10810810810810811,0.0,0.14054427557700389,0.022677322706350905,37.0,26.0,0.17897835494698702,0.0494945066479536,0.10810810810810811
M. Paví,0.16666666666666666,0.0,0.1214894459893306,0.0797101482748985,12.0,2.0,0.11596320755779742,0.02710843458771705,0.16666666666666666
M. Piemonte,0.0967741935483871,0.0,0.07498952650254773,0.0,31.0,2.0,0.09874720438834159,0.0,0.0967741935483871
M. Pike,0.15384615384615385,0.0,0.15795315572848687,0.0060074430975047,13.0,33.0,0.2828813392955523,0.0498086270509344,0.15384615384615385
M. Ramírez,0.1590909090909091,0.0,0.1151351850818504,0.0,44.0,4.0,0.12905338829891247,0.020926756784319874,0.1590909090909091
M. Robinson,1.0,0.0,0.7721518874168396,0.0,1.0,1.0,0.2598684132099151,0.0,1.0
M. Sargeant,0.17857142857142858,0.0,0.16558564667190825,0.0,28.0,1.0,0.17592800967395306,0.0,0.17857142857142858
M. Sharpe,0.0,0.0,0.0,0.0,7.0,3.0,0.15419409104755943,0.0,0.0
M. Smith,0.0,,0.0,,3.0,,0.08662280440330504,,0.0
M. Symonds,0.041666666666666664,0.0,0.05196668580174446,0.0404701276171592,24.0,31.0,0.08797305915504693,0.04026848630559059,0.041666666666666664
M. Taylor,0.23076923076923078,0.0,0.15877318840760452,0.07816486433148383,13.0,12.0,0.10488507782037439,0.07033697267373401,0.23076923076923078
M. Thomas,0.10674157303370786,0.11428571428571428,0.12252597368500207,0.08526512043816703,178.0,35.0,0.13189733400940892,0.0539881612573351,-0.00754414125200642
M. Turner,0.12359550561797752,0.0,0.13755099893955702,0.07163742846912807,89.0,9.0,0.15232304253437545,0.035736769437789896,0.12359550561797752
M. Vanegas,0.16666666666666666,,0.1430976390838623,,6.0,,0.10327560827136038,,0.16666666666666666
M. Vinberg,0.037037037037037035,0.07142857142857142,0.03592191250235946,0.03718081435986927,27.0,14.0,0.11847405977271218,0.042432592383452816,-0.03439153439153439
M. Walsh,1.0,,0.9885057508945465,,2.0,,1.0,,1.0
M. Ward,0.0,,0.17105263471603394,,3.0,,0.2304804821809133,,0.0
M. Wynne,0.0,,0.0,,1.0,,0.0,,0.0
M. Zinsberger,0.0,,0.0,,1.0,,0.1085714250802993,,0.0
M. van den Berg,0.25,0.0,0.2462686598300934,0.0,4.0,4.0,0.2571488693356514,0.02710843458771705,0.25
M. Þórisdóttir,0.05263157894736842,0.14285714285714285,0.1527678143036993,0.1278956255742482,19.0,7.0,0.1390659232672892,0.06753803683178763,-0.09022556390977443
Maite Oroz,0.0,0.0,0.0,0.08502195136887687,4.0,7.0,0.03421633690595625,0.043468485985483425,0.0
Mariona Caldentey,0.28125,0.0,0.2212532120756805,0.007017544225642553,32.0,19.0,0.12090768269263205,0.033338063249462514,0.28125
Marta Corredera,0.0,0.0,0.0,0.0,7.0,3.0,0.11412440453256877,0.03619047502676643,0.0
Martina Fernández,0.3333333333333333,0.0,0.32444587846597034,0.0,9.0,2.0,0.2533661723136902,0.0,0.3333333333333333
María Pérez,0.0,0.0,0.16666666666666666,0.2144238725304603,3.0,2.0,0.0325203239917755,0.11028618738055224,0.0
N. Björn,0.14285714285714285,0.0,0.1542765980675107,0.0,21.0,4.0,0.164391463888543,0.0,0.14285714285714285
N. Charles,0.14,0.047619047619047616,0.13483451992273332,0.030147311233338855,100.0,21.0,0.17087492540478702,0.05502175628429366,0.0923809523809524
N. Cousins,0.06666666666666667,0.0,0.10534855326016744,0.0,15.0,6.0,0.09552499204874038,0.09402463585138317,0.06666666666666667
N. Dowie,0.16981132075471697,0.2222222222222222,0.179605152247087,0.0496547006898456,53.0,18.0,0.21433452601140401,0.05641652519504228,-0.05241090146750524
N. Fahey,0.09090909090909091,0.1,0.12919170477173544,0.1068781666457653,22.0,10.0,0.18789478222077544,0.09555760622024535,-0.009090909090909094
N. Flint,0.03225806451612903,0.10714285714285714,0.0590699617901156,0.06037077547184059,31.0,28.0,0.11396277071006836,0.027649663920913413,-0.0748847926267281
N. Girma,0.14285714285714285,0.0,0.11030741248811994,0.0,7.0,1.0,0.11137217708996361,0.0837070271372795,0.14285714285714285
N. Haigh,1.0,,0.8441558480262756,,2.0,,0.6000000014901161,,1.0
N. Hanssen,0.0,0.16666666666666666,0.0,0.08552631735801697,6.0,6.0,0.19788592060406998,0.02298731605211893,-0.16666666666666666
N. Harding,0.14942528735632185,0.10344827586206896,0.12936905711546712,0.11938279713022298,87.0,29.0,0.1355065879808075,0.05309228406384071,0.04597701149425289
N. Heroum,0.0,0.0,0.0,0.053140098849932337,4.0,3.0,0.22390932589769363,0.0180722897251447,0.0
N. Jones,0.0,0.0,0.0,0.0,3.0,1.0,0.06228844945629433,0.25,0.0
N. Karczewska,0.2222222222222222,0.0,0.24193303452597725,0.1333333402872085,9.0,1.0,0.2693835231992933,0.0837070271372795,0.2222222222222222
N. Las,0.0,,0.0,,9.0,,0.009300780793031056,,0.0
N. Lawrence,0.1111111111111111,0.0,0.10945273770226374,0.0,9.0,4.0,0.1694279751843876,0.04878048598766325,0.1111111111111111
N. Layzell,0.0,,0.017709562724286854,,11.0,,0.10431597449562763,,0.0
N. Maritz,0.0,0.0,0.10102964979079034,0.039007092515627534,18.0,6.0,0.0757202472951677,0.07111746196945505,0.0
N. Mouchon,0.14285714285714285,0.0,0.16092695827995027,0.0,14.0,8.0,0.11221555035029138,0.056874836795032,0.14285714285714285
N. Nadim,0.13636363636363635,0.1,0.1605299494483254,0.07079630941152573,22.0,10.0,0.14879669858650726,0.05554004833102225,0.03636363636363635
N. Noordam,0.0,0.0,0.006060606376691291,0.0,11.0,4.0,0.11663484031503848,0.0684326738119125,0.0
N. Parris,0.16023738872403562,0.02666666666666667,0.16821924731887059,0.02128015528122584,337.0,75.0,0.15869423014164322,0.04043436442812283,0.13357072205736895
N. Rolser,0.0,,0.0,,1.0,,0.1085714250802993,,0.0
N. Sørensen,0.1111111111111111,0.0,0.09926711022853851,0.09038224003531715,36.0,11.0,0.08557658145825067,0.03495971858501432,0.1111111111111111
N. Watts,0.5,0.0,0.40909090638160706,0.0,4.0,4.0,0.22613776288926601,0.08962406776845452,0.5
Natalia Pablos,0.25806451612903225,0.08333333333333333,0.185299196550923,0.03443874977529048,31.0,24.0,0.1740839067966707,0.04994289856404064,0.17473118279569894
Nor Mustafa,0.0,,0.0,,2.0,,0.0684326738119125,,0.0
O. Ahtinen,0.14285714285714285,0.2222222222222222,0.12543553965432302,0.1459235217836168,7.0,9.0,0.18122871007238114,0.03380882243315378,-0.07936507936507936
O. Babajide,0.14814814814814814,0.037037037037037035,0.16634202169047463,0.045656614281513075,27.0,27.0,0.16964534118219657,0.04370269331115262,0.1111111111111111
O. Chance,0.0,0.0,0.04674796760082245,0.070977333933115,6.0,12.0,0.04674796760082245,0.054408243546883256,0.0
O. Deslandes,0.0,0.0,0.2565789520740509,0.0,2.0,5.0,0.0758889205753803,0.07447004318237302,0.0
O. Fergusson,0.041666666666666664,0.0,0.05833333358168602,0.0,24.0,8.0,0.09952776040881872,0.05101092252880332,0.041666666666666664
O. Holdt,0.22727272727272727,0.1111111111111111,0.25010589442469855,0.06651608894268672,22.0,36.0,0.15570286915383555,0.040350068774488226,0.11616161616161616
O. Jean-François,0.09090909090909091,0.0,0.17475206608122046,0.0,11.0,3.0,0.12242989309809425,0.05580468475818633,0.09090909090909091
O. McLoughlin,0.0,0.0,0.0,0.0,5.0,10.0,0.05197368264198302,0.04037328250706194,0.0
O. Siren,0.0,0.09090909090909091,0.01226309973459977,0.08253588730638678,13.0,11.0,0.026428880026707277,0.057268186726353365,-0.09090909090909091
O. Smith,0.11666666666666667,0.16666666666666666,0.11987051243583362,0.09112326179941495,60.0,24.0,0.12070140161861974,0.05467948348571855,-0.04999999999999999
O. Tvedten,0.0,0.0,0.0,0.0,4.0,2.0,0.0125000001862645,0.0,0.0
Ona Batlle,0.10526315789473684,0.0,0.09373880295377028,0.005980861457911405,19.0,22.0,0.07178231524793723,0.03250138444656674,0.10526315789473684
Ornella Vignola,0.26666666666666666,0.0,0.20824676752090454,0.033628910034894946,15.0,20.0,0.10007191250721612,0.03019665218889712,0.26666666666666666
P. Ademiluyi,0.0,0.0,0.0,0.0,2.0,1.0,0.04185351356863975,0.0,0.0
P. Bailey-Gayle,0.0,,0.0,,2.0,,0.12993420660495755,,0.0
P. Bremer,0.1917808219178082,0.0,0.15923145780824635,0.0,73.0,11.0,0.17945005800830172,0.042779306796464044,0.1917808219178082
P. Harder,0.16981132075471697,0.08823529411764706,0.16526204923976143,0.05430018989478841,106.0,34.0,0.1507939705449455,0.052754978046697716,0.0815760266370699
P. Pattinson,0.0,0.0,0.0,0.012214671948860428,22.0,29.0,0.03742902421138502,0.03192374534134206,0.0
P. Sawyer,0.0,,0.0,,1.0,,0.0,,0.0
P. Williams,0.0,0.0,0.0,0.042197757533618374,4.0,21.0,0.0,0.05548884311602227,0.0
P. Wilson,0.0,0.0,0.0,0.0,2.0,1.0,0.0,0.2598684132099151,0.0
Paula Tomás,0.0,0.0,0.06883116960525512,0.0,10.0,2.0,0.11434385403990743,0.0,0.0
R. Allen,0.22784810126582278,0.0,0.23469130298759364,0.014412238986955742,79.0,36.0,0.2524110366460643,0.0367462650562326,0.22784810126582278
R. Ayane,0.034482758620689655,0.019230769230769232,0.048479559349602665,0.022437607296384297,58.0,52.0,0.0772416794608379,0.06466117988412196,0.015251989389920423
R. Bachmann,0.09210526315789473,0.0,0.08619664374150728,0.013285024712483084,76.0,24.0,0.12684107140490883,0.034856920130550854,0.09210526315789473
R. Bose,0.0,,0.0,,1.0,,0.4414414465427398,,0.0
R. Corsie,0.13636363636363635,0.0,0.2434645559300076,0.044444446762402834,22.0,3.0,0.22201026027852838,0.06871079901854193,0.13636363636363635
R. Daly,0.19553072625698323,0.07317073170731707,0.1963695391762856,0.08038636933012706,179.0,41.0,0.17069641051179202,0.04385673681773789,0.12235999454966616
R. Dean,0.07692307692307693,0.0,0.0925185909638038,0.0,26.0,4.0,0.150167998069754,0.025000000372529,0.07692307692307693
R. Easton,1.0,,0.7358490824699402,,1.0,,0.7007874250411987,,1.0
R. Furness,0.125,0.03333333333333333,0.12167287597225772,0.03951641929646332,72.0,60.0,0.09487534655878939,0.04712880427638688,0.09166666666666667
R. Grant,0.0,,0.0,,2.0,,0.2207207232713699,,0.0
R. Holloway,0.0,0.0,0.0,0.024350648745894425,7.0,8.0,0.06887398234435486,0.037961671128869036,0.0
R. Hönnudóttir,0.0,0.0,0.0,0.0,1.0,1.0,0.0,0.0,0.0
R. Imuran,,0.0,,0.0,,1.0,,0.0,0.0
R. Ishikawa,0.0,,0.1315789520740509,,1.0,,0.0975609719753265,,0.0
R. Jarrett,0.14285714285714285,0.125,0.14285714285714285,0.0451388880610466,7.0,8.0,0.1939196746264185,0.038034925237298,0.01785714285714285
R. Kafaji,0.125,0.0,0.12271235883235931,0.02340425550937652,24.0,10.0,0.1905019379531344,0.05635701194405553,0.125
R. Kmita,0.0,0.5,0.12828947603702545,0.316546767950058,4.0,2.0,0.14135919511318204,0.0684326738119125,-0.5
R. Knaak,0.2608695652173913,0.0,0.19352268168459769,0.01666666753590105,23.0,4.0,0.11061854838677072,0.06790773104876277,0.2608695652173913
R. Lavelle,0.08333333333333333,0.0,0.06434599061806996,0.0,12.0,6.0,0.06360386808713277,0.01626016199588775,0.08333333333333333
R. Laws,1.0,,0.9850746393203736,,1.0,,1.0,,1.0
R. Littlejohn,0.0,0.0,0.0,0.01948051899671554,4.0,10.0,0.13128711842000482,0.04422032982110976,0.0
R. Mace,0.15,0.0,0.16319156289100648,0.024384264592771168,20.0,27.0,0.1712909385561943,0.03935245465901162,0.15
R. Madsen,0.0,0.0,0.0,0.0,2.0,1.0,0.35039371252059937,0.0,0.0
R. Maltby,0.0,0.0,0.0,0.0,3.0,1.0,0.0,0.0,0.0
R. McLauchlan,0.08333333333333333,0.0,0.08333333333333333,0.026570049424966168,12.0,6.0,0.14099692491193613,0.05974937851230302,0.08333333333333333
R. Percival,0.13043478260869565,0.0,0.18312515901482623,0.015154735318252014,23.0,28.0,0.15867798937403638,0.034613291866012974,0.13043478260869565
R. Petzelberger,0.21428571428571427,0.0,0.18253290333918162,0.0451388880610466,28.0,8.0,0.14865334092506338,0.07863253867253658,0.21428571428571427
R. Pitman,0.3333333333333333,0.0,0.2294372320175171,0.0,3.0,2.0,0.15568862358729044,0.0837070271372795,0.3333333333333333
R. Roberts,0.09090909090909091,0.0,0.05461225455457514,0.02164502110746171,22.0,9.0,0.06604931249537249,0.03667385131120681,0.09090909090909091
R. Rowe,0.2,0.05,0.15988604588942093,0.059118760128815964,55.0,60.0,0.14317971779541533,0.05749831094096103,0.15000000000000002
R. Sevecke,0.1111111111111111,,0.13312725005326448,,27.0,,0.1697976230471222,,0.1111111111111111
R. Shimizu,0.2,0.0,0.17560975551605223,0.0,5.0,5.0,0.233570659160614,0.0490243889391422,0.2
R. Siemsen,0.09090909090909091,0.0,0.08955223993821579,0.0,11.0,2.0,0.2380382100289518,0.0,0.09090909090909091
R. Spencer,1.0,,0.977011501789093,,1.0,,1.0,,1.0
R. Stott,0.0,,0.0,,2.0,,0.1851851791143417,,0.0
R. Ueki,0.09345794392523364,0.04878048780487805,0.10429113915311956,0.0693934579811445,107.0,41.0,0.10653431807583735,0.05215860167291104,0.04467745612035559
R. White,0.21052631578947367,0.0,0.20571167218057732,0.0041853513568639745,19.0,20.0,0.18639645803915825,0.029013244062662112,0.21052631578947367
R. Williams,0.14054054054054055,0.05263157894736842,0.1469992299740379,0.05113291250247704,185.0,38.0,0.15064597307024774,0.09512384765242272,0.08790896159317213
R. Yankey,0.0,0.0,0.0,0.0,2.0,5.0,0.05428571254014965,0.047096973657608024,0.0
R. van Gool,0.0,0.0,0.1994678271668298,0.0,7.0,3.0,0.10212387251002444,0.027902342379093167,0.0
R. Öling,0.0,,0.0,,1.0,,0.2598684132099151,,0.0
Rafaelle,0.14285714285714285,0.0,0.12948027607940493,0.0,21.0,2.0,0.06426316481970604,0.02710843458771705,0.14285714285714285
S. Albuery,0.0,,0.0,,3.0,,0.14714714884757993,,0.0
S. Awujo,0.0,0.0,0.0,0.0,4.0,6.0,0.09104870818555355,0.02298731605211893,0.0
S. Baggaley,1.0,,0.9925373196601868,,2.0,,1.0,,1.0
S. Baltimore,0.23076923076923078,0.0,0.1456163330720021,0.08673833906650542,26.0,10.0,0.1227453159025082,0.0516096107661724,0.23076923076923078
S. Barker,,0.0,,0.0,,3.0,,0.07352412492036815,0.0
S. Blackstenius,0.16748768472906403,0.16666666666666666,0.17309214963848368,0.11502449959516525,203.0,12.0,0.17108721829253462,0.08368095693488913,0.0008210180623973717
S. Boye,0.0,,0.0,,1.0,,0.0975609719753265,,0.0
S. Bradley-Auckland,0.0,0.0,0.0,0.0,12.0,2.0,0.07934452034533021,0.04878048598766325,0.0
S. Bruun,0.0,0.0,0.0,0.0,1.0,5.0,0.0,0.016741405427455898,0.0
S. Catley,0.08571428571428572,0.0,0.08243263491562434,0.09457805646317345,35.0,14.0,0.058851742531572056,0.0472236493868487,0.08571428571428572
S. Chossenotte,0.125,0.0,0.12212643772363663,0.316546767950058,8.0,2.0,0.1151699749752879,0.0837070271372795,0.125
S. Coffey,0.0,0.0,0.0,0.0,1.0,2.0,0.2598684132099151,0.0,0.0
S. Cooke,0.25,0.0,0.28656286001205444,0.053140098849932337,4.0,3.0,0.2518555223941803,0.0361445794502894,0.25
S. D'Angelo,0.0,,0.0,,1.0,,0.0,,0.0
S. Ewens,0.0,,0.0,,4.0,,0.0,,0.0
S. Franssi,0.0,0.0,0.0,0.0,4.0,1.0,0.06496710330247878,0.0,0.0
S. Gaupset,0.13636363636363635,0.0,0.16413404453884473,0.0074074077937338,22.0,9.0,0.10830705037171189,0.04259562989075977,0.13636363636363635
S. Haug,0.16666666666666666,0.0,0.1915918119251728,0.0,60.0,7.0,0.18041923400014637,0.026695049766983284,0.16666666666666666
S. Hayles,0.09090909090909091,0.0,0.09256198324940422,0.0,22.0,2.0,0.14978573251176963,0.0,0.09090909090909091
S. Haywood,0.0,,0.0974025949835777,,2.0,,0.25613922998309135,,0.0
S. Holmberg,0.4,0.0,0.40450874269008635,0.0,5.0,5.0,0.35133436024188996,0.0195121943950653,0.4
S. Holmgaard,0.2857142857142857,0.125,0.25073389283248354,0.13217826560139656,14.0,8.0,0.1959345604160002,0.06624375656247138,0.1607142857142857
S. Hopcroft,0.0,0.0,0.0,0.0,1.0,1.0,0.0,0.0,0.0
S. Houghton,0.06666666666666667,0.15714285714285714,0.08038364806109005,0.09880366144435747,90.0,70.0,0.10951657460795507,0.05348618504192146,-0.09047619047619047
S. Howard,0.1,0.0,0.10922303311526775,0.08908750755446297,40.0,7.0,0.15142922913655638,0.06469984618680816,0.1
S. Ingle,0.109375,0.022727272727272728,0.12078882614150643,0.028742556544867428,64.0,44.0,0.11806812335271387,0.03529786614870482,0.08664772727272727
S. Kees,0.3333333333333333,0.0,0.3333333333333333,0.0,3.0,2.0,0.3793079654375712,0.04185351356863975,0.3333333333333333
S. Kerr,0.21379310344827587,0.14285714285714285,0.18630776723911022,0.10501957933108012,290.0,21.0,0.1947028069532123,0.08299568100344563,0.07093596059113302
S. Koren,0.0,0.5,0.0,0.1805555522441864,2.0,2.0,0.24137930572032926,0.14185351505875585,-0.5
S. Kumagai,0.3333333333333333,,0.32987456520398456,,6.0,,0.1651327610015869,,0.3333333333333333
S. Lohmann,0.0,0.0,0.95652174949646,0.1948051899671554,1.0,1.0,0.4285714328289032,0.0,0.0
S. Lundgaard,0.0,0.0,0.15510904540618262,0.0,6.0,2.0,0.1265957988798618,0.0,0.0
S. Magill,0.20754716981132076,0.125,0.18942737691807296,0.055910337250679724,53.0,16.0,0.20103616239327304,0.05838346201926467,0.08254716981132076
S. Martinez,0.27450980392156865,0.11764705882352941,0.24345846649478464,0.10486344817806692,51.0,17.0,0.22998022361128934,0.0834950401502497,0.15686274509803924
S. Mayling,0.05,0.05,0.08887942358851433,0.0423786737024784,20.0,20.0,0.1564872335642576,0.032469712197780595,0.0
S. Mewis,0.18421052631578946,0.0,0.1682841122934693,0.012175324372947213,38.0,16.0,0.1598179254092668,0.053338096477091285,0.18421052631578946
S. Murray,0.25,,0.26169463992118835,,8.0,,0.13812288269400594,,0.25
S. Nüsken,0.12087912087912088,0.05263157894736842,0.1342361644729153,0.043152139375084324,91.0,19.0,0.17668160231231328,0.05058189148181361,0.06824754193175246
S. O’Brien,0.1206896551724138,0.09523809523809523,0.16014368523811473,0.04604557511352357,58.0,21.0,0.18369088392576263,0.05421204829499833,0.025451559934318566
S. Perry-Campbell,0.0,0.0,0.0,0.0,2.0,3.0,0.04185351356863975,0.0,0.0
S. Piubel,0.13636363636363635,0.0,0.13649189472198486,0.16351088881492612,22.0,6.0,0.17299583249471404,0.07515843833486237,0.13636363636363635
S. Robson,,0.0,,0.0,,3.0,,0.0636940722664197,0.0
S. Sandbech,0.0,0.0,0.007801418503125507,0.0,30.0,4.0,0.09632505252957341,0.020926756784319874,0.0
S. Smith,,0.0,,0.0,,1.0,,0.0975609719753265,0.0
S. Stratigakis,,0.0,,0.0,,2.0,,0.0684326738119125,0.0
S. Struck,0.0,,0.5,,1.0,,0.0975609719753265,,0.0
S. Takarada,0.25,0.0,0.2701892666518688,0.022222223381201417,8.0,6.0,0.237495269626379,0.03435539950927097,0.25
S. Tierney,0.1702127659574468,0.06666666666666667,0.18109463282088015,0.017660819490750625,47.0,15.0,0.12754809888119392,0.04750029792388277,0.10354609929078014
S. Troelsgaard,0.1111111111111111,0.08333333333333333,0.08541494856278102,0.07995647316177686,18.0,12.0,0.12212357607980567,0.03233220241963863,0.027777777777777776
S. Walton,,0.0,,0.0,,1.0,,0.0,0.0
S. Williams,,0.0,,0.0,,1.0,,0.0837070271372795,0.0
S. Wiltshire,0.0,0.3333333333333333,0.0,0.2861952781677246,4.0,3.0,0.07092675752937792,0.3382471775015195,-0.3333333333333333
S. Worm,0.5,0.0625,0.3777855783700943,0.09581834636628628,4.0,16.0,0.19055976532399652,0.05473678838461636,0.4375
S. Zadorsky,0.043478260869565216,0.0,0.07959959817969281,0.0,23.0,3.0,0.08513431574987326,0.06871079901854193,0.043478260869565216
S. Zambra,0.047619047619047616,0.0,0.06691644872937884,0.0,21.0,17.0,0.06065180507444199,0.04391025664175257,0.047619047619047616
S. van Veenendaal,1.0,,0.9885057508945465,,2.0,,1.0,,1.0
S. van de Sanden,0.1282051282051282,0.0,0.10725825222638938,0.0,39.0,8.0,0.11811668788775417,0.038034925237298,0.1282051282051282
T. Duggan,0.11688311688311688,0.07936507936507936,0.10309607951672047,0.04046950311887832,77.0,63.0,0.17999732900749552,0.04799118366033311,0.03751803751803752
T. Hansen,,0.0,,0.0,,1.0,,0.0837070271372795,0.0
T. Heath,0.20833333333333334,0.09090909090909091,0.22848904194931188,0.08206984400749205,24.0,11.0,0.1842462724695603,0.05549198185855689,0.11742424242424243
T. Hinds,0.08888888888888889,0.022727272727272728,0.10890870889027914,0.06607195514846931,45.0,44.0,0.13753150560789637,0.057529715905812635,0.06616161616161617
T. Koga,0.5,0.3333333333333333,0.49052153527736664,0.21980676551659903,4.0,3.0,0.5879120901226997,0.09199515978495276,0.16666666666666669
T. Kyvåg,0.0,0.0,0.0,0.06666667014360425,3.0,2.0,0.045621782541275,0.04185351356863975,0.0
T. Micah,1.0,,0.9850746393203736,,1.0,,1.0,,1.0
T. Middag,0.0,0.0,0.05555555555555555,0.0,9.0,5.0,0.07640424950255287,0.049299064278602575,0.0
T. Payne,0.043478260869565216,0.0,0.06374089160691136,0.0,23.0,6.0,0.14776342459346936,0.05071323364973066,0.043478260869565216
T. Primmer,0.2857142857142857,0.0,0.2007493461881365,0.02164502110746171,7.0,9.0,0.17443524088178358,0.044766546951399894,0.2857142857142857
T. Wullaert,0.16,0.09523809523809523,0.18718942403793334,0.09470856331643604,25.0,21.0,0.13557703271508215,0.07020468530910354,0.06476190476190477
T. Yallop,0.05555555555555555,0.0,0.13527193748288685,0.01948051899671554,18.0,10.0,0.173916346910927,0.025112108141183847,0.05555555555555555
Tang Jiali,0.0,0.0,0.0,0.0,4.0,7.0,0.1445766985416412,0.03166156049285616,0.0
Tatiana Pinto,0.14285714285714285,0.0,0.11500750269208636,0.159420296549797,14.0,1.0,0.15199949273041313,0.0975609719753265,0.14285714285714285
V. Asseyi,0.12396694214876033,0.028169014084507043,0.15625582980222938,0.04482002052622781,121.0,71.0,0.1796828832261818,0.042087755625096826,0.09579792806425329
V. Buurman,0.0,0.0,0.0,0.0,2.0,2.0,0.2142857164144516,0.02710843458771705,0.0
V. Bøe Risa,0.125,0.0,0.10531091224402189,0.0,16.0,11.0,0.09362591500394044,0.024980840357867143,0.125
V. Gauvin,0.09090909090909091,0.0,0.12119909669413712,0.0,33.0,2.0,0.12114187330007552,0.0,0.09090909090909091
V. Hanshaw,0.0,0.1111111111111111,0.0318840593099594,0.05701754490534464,5.0,9.0,0.10671982169151302,0.04587231410874258,-0.1111111111111111
V. Miedema,0.1927437641723356,0.10526315789473684,0.17465690922101879,0.07441981823036545,441.0,114.0,0.159755358679427,0.05914487774696264,0.08748060627759877
V. Pelova,0.0975609756097561,0.0,0.10503825727032452,0.0,41.0,19.0,0.10845114708673662,0.012338227347323764,0.0975609756097561
V. Sarri,0.1509433962264151,0.03636363636363636,0.14743299754160755,0.05778991878032684,53.0,55.0,0.14235278008119115,0.048327025771141036,0.11457975986277873
V. Schnaderbeck,0.0,0.0,0.0,0.1315789520740509,3.0,1.0,0.07352412492036815,0.1085714250802993,0.0
V. Williams,0.23076923076923078,0.0,0.21652177511117396,0.016741405427455898,39.0,5.0,0.20341811758967543,0.0708558805286884,0.23076923076923078
Vicky Losada,0.23333333333333334,0.02631578947368421,0.1981451431910197,0.032894392938990345,30.0,38.0,0.15900197302301722,0.06471450097466769,0.20701754385964913
W. Kaptein,0.10344827586206896,0.08333333333333333,0.1718594945710281,0.08778258537252744,29.0,12.0,0.17859386318716505,0.06419001768032707,0.020114942528735635
W. Kiszkis,0.0,,0.0,,1.0,,0.2598684132099151,,0.0
W. Sangaré,0.0,,0.0,,11.0,,0.04338931529359383,,0.0
Wang Shuang,0.0,0.0,0.0,0.0,5.0,3.0,0.10671982169151302,0.0781421065330505,0.0
Y. Daniëls,0.08163265306122448,0.06896551724137931,0.11893794487933723,0.09405425704758741,49.0,29.0,0.13169381394982335,0.06388446791418666,0.012667135819845174
Y. Endo,0.3333333333333333,0.0,0.3283582131067912,0.0,3.0,2.0,0.3658536573251088,0.09613922610878939,0.3333333333333333
Y. Hasegawa,0.10714285714285714,0.044444444444444446,0.14961543679237366,0.05475026600890688,28.0,45.0,0.19630663615784472,0.04062620144751335,0.0626984126984127
Y. Momiki,0.16129032258064516,0.08333333333333333,0.1438018718073445,0.06879581945637862,31.0,24.0,0.13589370707350393,0.032257941241065645,0.07795698924731183
Y. Tennebø,0.0,,0.0,,1.0,,0.0542168691754341,,0.0
Z. Kramžar,0.14285714285714285,0.0,0.3257361224719456,0.0,7.0,1.0,0.1810664406844548,0.1085714250802993,0.14285714285714285
Z. Morse,0.0,0.0,0.0,0.0,3.0,1.0,0.045621782541275,0.0,0.0
Z. Shaw,1.0,0.0,0.8780487775802612,0.0,1.0,1.0,0.5416666865348816,0.0,1.0
Z. Wyne,0.1,0.0,0.15702916234731673,0.08552631735801697,10.0,6.0,0.21265700981020924,0.04185351356863975,0.1
Zhang Linyan,0.0,,0.0,,1.0,,0.0,,0.0
È. Périsset,0.0,0.0,0.0,0.03985507413744925,3.0,4.0,0.0,0.09104870818555355,0.0
